0,1,0,0,0,-1.5708,-0
0.02,0.9998,0.004,0.019999,0.0039997,-1.5908,-0.0039997
0.04,0.9992,0.008,0.039989,0.0079979,-1.6108,-0.0079979
0.06,0.9982,0.012,0.059964,0.011993,-1.6308,-0.011993
0.08,0.9968,0.016,0.079915,0.015983,-1.6508,-0.015983
0.1,0.995,0.02,0.099833,0.019967,-1.6708,-0.019967
0.12,0.99281,0.024,0.11971,0.023942,-1.6908,-0.023942
0.14,0.99022,0.028,0.13954,0.027909,-1.7108,-0.027909
0.16,0.98723,0.032,0.15932,0.031864,-1.7308,-0.031864
0.18,0.98384,0.036,0.17903,0.035806,-1.7508,-0.035806
0.2,0.98007,0.04,0.19867,0.039734,-1.7708,-0.039734
0.22,0.9759,0.044,0.21823,0.043646,-1.7908,-0.043646
0.24,0.97134,0.048,0.2377,0.047541,-1.8108,-0.047541
0.26,0.96639,0.052,0.25708,0.051416,-1.8308,-0.051416
0.28,0.96106,0.056,0.27636,0.055271,-1.8508,-0.055271
0.3,0.95534,0.06,0.29552,0.059104,-1.8708,-0.059104
0.32,0.94924,0.064,0.31457,0.062913,-1.8908,-0.062913
0.34,0.94275,0.068,0.33349,0.066697,-1.9108,-0.066697
0.36,0.9359,0.072,0.35227,0.070455,-1.9308,-0.070455
0.38,0.92866,0.076,0.37092,0.074184,-1.9508,-0.074184
0.4,0.92106,0.08,0.38942,0.077884,-1.9708,-0.077884
0.42,0.91309,0.084,0.40776,0.081552,-1.9908,-0.081552
0.44,0.90475,0.088,0.42594,0.085188,-2.0108,-0.085188
0.46,0.89605,0.092,0.44395,0.08879,-2.0308,-0.08879
0.48,0.88699,0.096,0.46178,0.092356,-2.0508,-0.092356
0.5,0.87758,0.1,0.47943,0.095885,-2.0708,-0.095885
0.52,0.86782,0.104,0.49688,0.099376,-2.0908,-0.099376
0.54,0.85771,0.108,0.51414,0.10283,-2.1108,-0.10283
0.56,0.84726,0.112,0.53119,0.10624,-2.1308,-0.10624
0.58,0.83646,0.116,0.54802,0.1096,-2.1508,-0.1096
0.6,0.82534,0.12,0.56464,0.11293,-2.1708,-0.11293
0.62,0.81388,0.124,0.58104,0.11621,-2.1908,-0.11621
0.64,0.8021,0.128,0.5972,0.11944,-2.2108,-0.11944
0.66,0.78999,0.132,0.61312,0.12262,-2.2308,-0.12262
0.68,0.77757,0.136,0.62879,0.12576,-2.2508,-0.12576
0.7,0.76484,0.14,0.64422,0.12884,-2.2708,-0.12884
0.72,0.75181,0.144,0.65938,0.13188,-2.2908,-0.13188
0.74,0.73847,0.148,0.67429,0.13486,-2.3108,-0.13486
0.76,0.72484,0.152,0.68892,0.13778,-2.3308,-0.13778
0.78,0.71091,0.156,0.70328,0.14066,-2.3508,-0.14066
0.8,0.69671,0.16,0.71736,0.14347,-2.3708,-0.14347
0.82,0.68222,0.164,0.73115,0.14623,-2.3908,-0.14623
0.84,0.66746,0.168,0.74464,0.14893,-2.4108,-0.14893
0.86,0.65244,0.172,0.75784,0.15157,-2.4308,-0.15157
0.88,0.63715,0.176,0.77074,0.15415,-2.4508,-0.15415
0.9,0.62161,0.18,0.78333,0.15667,-2.4708,-0.15667
0.92,0.60582,0.184,0.7956,0.15912,-2.4908,-0.15912
0.94,0.58979,0.188,0.80756,0.16151,-2.5108,-0.16151
0.96,0.57352,0.192,0.81919,0.16384,-2.5308,-0.16384
0.98,0.55702,0.196,0.8305,0.1661,-2.5508,-0.1661
1,0.5403,0.2,0.84147,0.16829,-2.5708,-0.16829
1.02,0.52337,0.204,0.85211,0.17042,-2.5908,-0.17042
1.04,0.50622,0.208,0.8624,0.17248,-2.6108,-0.17248
1.06,0.48887,0.212,0.87236,0.17447,-2.6308,-0.17447
1.08,0.47133,0.216,0.88196,0.17639,-2.6508,-0.17639
1.1,0.4536,0.22,0.89121,0.17824,-2.6708,-0.17824
1.12,0.43568,0.224,0.9001,0.18002,-2.6908,-0.18002
1.14,0.41759,0.228,0.90863,0.18173,-2.7108,-0.18173
1.16,0.39934,0.232,0.9168,0.18336,-2.7308,-0.18336
1.18,0.38092,0.236,0.92461,0.18492,-2.7508,-0.18492
1.2,0.36236,0.24,0.93204,0.18641,-2.7708,-0.18641
1.22,0.34365,0.244,0.9391,0.18782,-2.7908,-0.18782
1.24,0.3248,0.248,0.94578,0.18916,-2.8108,-0.18916
1.26,0.30582,0.252,0.95209,0.19042,-2.8308,-0.19042
1.28,0.28672,0.256,0.95802,0.1916,-2.8508,-0.1916
1.3,0.2675,0.26,0.96356,0.19271,-2.8708,-0.19271
1.32,0.24818,0.264,0.96872,0.19374,-2.8908,-0.19374
1.34,0.22875,0.268,0.97348,0.1947,-2.9108,-0.1947
1.36,0.20924,0.272,0.97786,0.19557,-2.9308,-0.19557
1.38,0.18964,0.276,0.98185,0.19637,-2.9508,-0.19637
1.4,0.16997,0.28,0.98545,0.19709,-2.9708,-0.19709
1.42,0.15023,0.284,0.98865,0.19773,-2.9908,-0.19773
1.44,0.13042,0.288,0.99146,0.19829,-3.0108,-0.19829
1.46,0.11057,0.292,0.99387,0.19877,-3.0308,-0.19877
1.48,0.090672,0.296,0.99588,0.19918,-3.0508,-0.19918
1.5,0.070737,0.3,0.99749,0.1995,-3.0708,-0.1995
1.52,0.050774,0.304,0.99871,0.19974,-3.0908,-0.19974
1.54,0.030791,0.308,0.99953,0.19991,-3.1108,-0.19991
1.56,0.010796,0.312,0.99994,0.19999,-3.1308,-0.19999
1.58,-0.0092035,0.316,0.99996,0.19999,-3.1508,-0.19999
1.6,-0.0292,0.32,0.99957,0.19991,-3.1708,-0.19991
1.62,-0.049184,0.324,0.99879,0.19976,-3.1908,-0.19976
1.64,-0.069148,0.328,0.99761,0.19952,-3.2108,-0.19952
1.66,-0.089085,0.332,0.99602,0.1992,-3.2308,-0.1992
1.68,-0.10899,0.336,0.99404,0.19881,-3.2508,-0.19881
1.7,-0.12884,0.34,0.99166,0.19833,-3.2708,-0.19833
1.72,-0.14865,0.344,0.98889,0.19778,-3.2908,-0.19778
1.74,-0.1684,0.348,0.98572,0.19714,-3.3108,-0.19714
1.76,-0.18808,0.352,0.98215,0.19643,-3.3308,-0.19643
1.78,-0.20768,0.356,0.9782,0.19564,-3.3508,-0.19564
1.8,-0.2272,0.36,0.97385,0.19477,-3.3708,-0.19477
1.82,-0.24663,0.364,0.96911,0.19382,-3.3908,-0.19382
1.84,-0.26596,0.368,0.96398,0.1928,-3.4108,-0.1928
1.86,-0.28519,0.372,0.95847,0.19169,-3.4308,-0.19169
1.88,-0.3043,0.376,0.95258,0.19052,-3.4508,-0.19052
1.9,-0.32329,0.38,0.9463,0.18926,-3.4708,-0.18926
1.92,-0.34215,0.384,0.93965,0.18793,-3.4908,-0.18793
1.94,-0.36087,0.388,0.93262,0.18652,-3.5108,-0.18652
1.96,-0.37945,0.392,0.92521,0.18504,-3.5308,-0.18504
1.98,-0.39788,0.396,0.91744,0.18349,-3.5508,-0.18349
2,-0.41615,0.4,0.9093,0.18186,-3.5708,-0.18186
2.02,-0.43425,0.404,0.90079,0.18016,-3.5908,-0.18016
2.04,-0.45218,0.408,0.89193,0.17839,-3.6108,-0.17839
2.06,-0.46992,0.412,0.88271,0.17654,-3.6308,-0.17654
2.08,-0.48748,0.416,0.87313,0.17463,-3.6508,-0.17463
2.1,-0.50485,0.42,0.86321,0.17264,-3.6708,-0.17264
2.12,-0.52201,0.424,0.85294,0.17059,-3.6908,-0.17059
2.14,-0.53896,0.428,0.84233,0.16847,-3.7108,-0.16847
2.16,-0.5557,0.432,0.83138,0.16628,-3.7308,-0.16628
2.18,-0.57221,0.436,0.8201,0.16402,-3.7508,-0.16402
2.2,-0.5885,0.44,0.8085,0.1617,-3.7708,-0.1617
2.22,-0.60455,0.444,0.79657,0.15931,-3.7908,-0.15931
2.24,-0.62036,0.448,0.78432,0.15686,-3.8108,-0.15686
2.26,-0.63592,0.452,0.77175,0.15435,-3.8308,-0.15435
2.28,-0.65123,0.456,0.75888,0.15178,-3.8508,-0.15178
2.3,-0.66628,0.46,0.74571,0.14914,-3.8708,-0.14914
2.32,-0.68106,0.464,0.73223,0.14645,-3.8908,-0.14645
2.34,-0.69556,0.468,0.71846,0.14369,-3.9108,-0.14369
2.36,-0.70979,0.472,0.70441,0.14088,-3.9308,-0.14088
2.38,-0.72374,0.476,0.69007,0.13801,-3.9508,-0.13801
2.4,-0.73739,0.48,0.67546,0.13509,-3.9708,-0.13509
2.42,-0.75075,0.484,0.66058,0.13212,-3.9908,-0.13212
2.44,-0.76382,0.488,0.64543,0.12909,-4.0108,-0.12909
2.46,-0.77657,0.492,0.63003,0.12601,-4.0308,-0.12601
2.48,-0.78901,0.496,0.61437,0.12287,-4.0508,-0.12287
2.5,-0.80114,0.5,0.59847,0.11969,-4.0708,-0.11969
2.52,-0.81295,0.504,0.58233,0.11647,-4.0908,-0.11647
2.54,-0.82444,0.508,0.56596,0.11319,-4.1108,-0.11319
2.56,-0.83559,0.512,0.54936,0.10987,-4.1308,-0.10987
2.58,-0.84641,0.516,0.53253,0.10651,-4.1508,-0.10651
2.6,-0.85689,0.52,0.5155,0.1031,-4.1708,-0.1031
2.62,-0.86703,0.524,0.49826,0.099652,-4.1908,-0.099652
2.64,-0.87682,0.528,0.48082,0.096165,-4.2108,-0.096165
2.66,-0.88626,0.532,0.46319,0.092638,-4.2308,-0.092638
2.68,-0.89534,0.536,0.44537,0.089075,-4.2508,-0.089075
2.7,-0.90407,0.54,0.42738,0.085476,-4.2708,-0.085476
2.72,-0.91244,0.544,0.40921,0.081843,-4.2908,-0.081843
2.74,-0.92044,0.548,0.39088,0.078177,-4.3108,-0.078177
2.76,-0.92807,0.552,0.3724,0.07448,-4.3308,-0.07448
2.78,-0.93533,0.556,0.35376,0.070753,-4.3508,-0.070753
2.8,-0.94222,0.56,0.33499,0.066998,-4.3708,-0.066998
2.82,-0.94873,0.564,0.31608,0.063216,-4.3908,-0.063216
2.84,-0.95486,0.568,0.29704,0.059408,-4.4108,-0.059408
2.86,-0.96061,0.572,0.27789,0.055577,-4.4308,-0.055577
2.88,-0.96598,0.576,0.25862,0.051724,-4.4508,-0.051724
2.9,-0.97096,0.58,0.23925,0.04785,-4.4708,-0.04785
2.92,-0.97555,0.584,0.21978,0.043957,-4.4908,-0.043957
2.94,-0.97975,0.588,0.20023,0.040046,-4.5108,-0.040046
2.96,-0.98356,0.592,0.1806,0.036119,-4.5308,-0.036119
2.98,-0.98697,0.596,0.16089,0.032178,-4.5508,-0.032178
3,-0.98999,0.6,0.14112,0.028224,-4.5708,-0.028224
3.02,-0.99262,0.604,0.12129,0.024259,-4.5908,-0.024259
3.04,-0.99484,0.608,0.10142,0.020284,-4.6108,-0.020284
3.06,-0.99667,0.612,0.081502,0.0163,-4.6308,-0.0163
3.08,-0.9981,0.616,0.061554,0.012311,-4.6508,-0.012311
3.1,-0.99914,0.62,0.041581,0.0083161,-4.6708,-0.0083161
3.12,-0.99977,0.624,0.021591,0.0043182,-4.6908,-0.0043182
3.14,-1,0.628,0.0015927,0.00031853,-4.7108,-0.00031853
3.16,-0.99983,0.632,-0.018406,-0.0036813,-4.7308,0.0036813
3.18,-0.99926,0.636,-0.038398,-0.0076796,-4.7508,0.0076796
3.2,-0.99829,0.64,-0.058374,-0.011675,-4.7708,0.011675
3.22,-0.99693,0.644,-0.078327,-0.015665,-4.7908,0.015665
3.24,-0.99516,0.648,-0.098249,-0.01965,-4.8108,0.01965
3.26,-0.993,0.652,-0.11813,-0.023626,-4.8308,0.023626
3.28,-0.99044,0.656,-0.13797,-0.027593,-4.8508,0.027593
3.3,-0.98748,0.66,-0.15775,-0.031549,-4.8708,0.031549
3.32,-0.98413,0.664,-0.17746,-0.035492,-4.8908,0.035492
3.34,-0.98038,0.668,-0.19711,-0.039422,-4.9108,0.039422
3.36,-0.97624,0.672,-0.21668,-0.043335,-4.9308,0.043335
3.38,-0.97172,0.676,-0.23616,-0.047231,-4.9508,0.047231
3.4,-0.9668,0.68,-0.25554,-0.051108,-4.9708,0.051108
3.42,-0.96149,0.684,-0.27482,-0.054965,-4.9908,0.054965
3.44,-0.95581,0.688,-0.294,-0.0588,-5.0108,0.0588
3.46,-0.94974,0.692,-0.31305,-0.062611,-5.0308,0.062611
3.48,-0.94328,0.696,-0.33199,-0.066397,-5.0508,0.066397
3.5,-0.93646,0.7,-0.35078,-0.070157,-5.0708,0.070157
3.52,-0.92925,0.704,-0.36944,-0.073888,-5.0908,0.073888
3.54,-0.92168,0.708,-0.38795,-0.07759,-5.1108,0.07759
3.56,-0.91374,0.712,-0.40631,-0.081261,-5.1308,0.081261
3.58,-0.90543,0.716,-0.4245,-0.0849,-5.1508,0.0849
3.6,-0.89676,0.72,-0.44252,-0.088504,-5.1708,0.088504
3.62,-0.88773,0.724,-0.46037,-0.092073,-5.1908,0.092073
3.64,-0.87835,0.728,-0.47803,-0.095605,-5.2108,0.095605
3.66,-0.86861,0.732,-0.4955,-0.099099,-5.2308,0.099099
3.68,-0.85853,0.736,-0.51277,-0.10255,-5.2508,0.10255
3.7,-0.8481,0.74,-0.52984,-0.10597,-5.2708,0.10597
3.72,-0.83733,0.744,-0.54669,-0.10934,-5.2908,0.10934
3.74,-0.82623,0.748,-0.56333,-0.11267,-5.3108,0.11267
3.76,-0.8148,0.752,-0.57974,-0.11595,-5.3308,0.11595
3.78,-0.80305,0.756,-0.59592,-0.11918,-5.3508,0.11918
3.8,-0.79097,0.76,-0.61186,-0.12237,-5.3708,0.12237
3.82,-0.77857,0.764,-0.62755,-0.12551,-5.3908,0.12551
3.84,-0.76587,0.768,-0.643,-0.1286,-5.4108,0.1286
3.86,-0.75285,0.772,-0.65819,-0.13164,-5.4308,0.13164
3.88,-0.73954,0.776,-0.67311,-0.13462,-5.4508,0.13462
3.9,-0.72593,0.78,-0.68777,-0.13755,-5.4708,0.13755
3.92,-0.71203,0.784,-0.70215,-0.14043,-5.4908,0.14043
3.94,-0.69785,0.788,-0.71625,-0.14325,-5.5108,0.14325
3.96,-0.68338,0.792,-0.73006,-0.14601,-5.5308,0.14601
3.98,-0.66865,0.796,-0.74358,-0.14872,-5.5508,0.14872
4,-0.65364,0.8,-0.7568,-0.15136,-5.5708,0.15136
4.02,-0.63838,0.804,-0.76972,-0.15394,-5.5908,0.15394
4.04,-0.62286,0.808,-0.78234,-0.15647,-5.6108,0.15647
4.06,-0.60709,0.812,-0.79464,-0.15893,-5.6308,0.15893
4.08,-0.59107,0.816,-0.80662,-0.16132,-5.6508,0.16132
4.1,-0.57482,0.82,-0.81828,-0.16366,-5.6708,0.16366
4.12,-0.55834,0.824,-0.82961,-0.16592,-5.6908,0.16592
4.14,-0.54164,0.828,-0.84061,-0.16812,-5.7108,0.16812
4.16,-0.52472,0.832,-0.85127,-0.17025,-5.7308,0.17025
4.18,-0.50759,0.836,-0.8616,-0.17232,-5.7508,0.17232
4.2,-0.49026,0.84,-0.87158,-0.17432,-5.7708,0.17432
4.22,-0.47273,0.844,-0.88121,-0.17624,-5.7908,0.17624
4.24,-0.45501,0.848,-0.89048,-0.1781,-5.8108,0.1781
4.26,-0.43712,0.852,-0.89941,-0.17988,-5.8308,0.17988
4.28,-0.41904,0.856,-0.90797,-0.18159,-5.8508,0.18159
4.3,-0.4008,0.86,-0.91617,-0.18323,-5.8708,0.18323
4.32,-0.3824,0.864,-0.924,-0.1848,-5.8908,0.1848
4.34,-0.36384,0.868,-0.93146,-0.18629,-5.9108,0.18629
4.36,-0.34514,0.872,-0.93855,-0.18771,-5.9308,0.18771
4.38,-0.3263,0.876,-0.94527,-0.18905,-5.9508,0.18905
4.4,-0.30733,0.88,-0.9516,-0.19032,-5.9708,0.19032
4.42,-0.28824,0.884,-0.95756,-0.19151,-5.9908,0.19151
4.44,-0.26903,0.888,-0.96313,-0.19263,-6.0108,0.19263
4.46,-0.24972,0.892,-0.96832,-0.19366,-6.0308,0.19366
4.48,-0.2303,0.896,-0.97312,-0.19462,-6.0508,0.19462
4.5,-0.2108,0.9,-0.97753,-0.19551,-6.0708,0.19551
4.52,-0.1912,0.904,-0.98155,-0.19631,-6.0908,0.19631
4.54,-0.17154,0.908,-0.98518,-0.19704,-6.1108,0.19704
4.56,-0.1518,0.912,-0.98841,-0.19768,-6.1308,0.19768
4.58,-0.132,0.916,-0.99125,-0.19825,-6.1508,0.19825
4.6,-0.11215,0.92,-0.99369,-0.19874,-6.1708,0.19874
4.62,-0.092258,0.924,-0.99574,-0.19915,-6.1908,0.19915
4.64,-0.072326,0.928,-0.99738,-0.19948,-6.2108,0.19948
4.66,-0.052365,0.932,-0.99863,-0.19973,-6.2308,0.19973
4.68,-0.032383,0.936,-0.99948,-0.1999,-6.2508,0.1999
4.7,-0.012389,0.94,-0.99992,-0.19998,-6.2708,0.19998
4.72,0.0076109,0.944,-0.99997,-0.19999,-6.2908,0.19999
4.74,0.027608,0.948,-0.99962,-0.19992,-6.3108,0.19992
4.76,0.047593,0.952,-0.99887,-0.19977,-6.3308,0.19977
4.78,0.06756,0.956,-0.99772,-0.19954,-6.3508,0.19954
4.8,0.087499,0.96,-0.99616,-0.19923,-6.3708,0.19923
4.82,0.1074,0.964,-0.99422,-0.19884,-6.3908,0.19884
4.84,0.12726,0.968,-0.99187,-0.19837,-6.4108,0.19837
4.86,0.14708,0.972,-0.98913,-0.19783,-6.4308,0.19783
4.88,0.16683,0.976,-0.98599,-0.1972,-6.4508,0.1972
4.9,0.18651,0.98,-0.98245,-0.19649,-6.4708,0.19649
4.92,0.20612,0.984,-0.97853,-0.19571,-6.4908,0.19571
4.94,0.22565,0.988,-0.97421,-0.19484,-6.5108,0.19484
4.96,0.24509,0.992,-0.9695,-0.1939,-6.5308,0.1939
4.98,0.26443,0.996,-0.96441,-0.19288,-6.5508,0.19288
5,0.28366,1,-0.95892,-0.19178,-6.5708,0.19178
5.02,0.30278,1.004,-0.95306,-0.19061,-6.5908,0.19061
5.04,0.32178,1.008,-0.94681,-0.18936,-6.6108,0.18936
5.06,0.34065,1.012,-0.94019,-0.18804,-6.6308,0.18804
5.08,0.35939,1.016,-0.93319,-0.18664,-6.6508,0.18664
5.1,0.37798,1.02,-0.92581,-0.18516,-6.6708,0.18516
5.12,0.39642,1.024,-0.91807,-0.18361,-6.6908,0.18361
5.14,0.4147,1.028,-0.90996,-0.18199,-6.7108,0.18199
5.16,0.43281,1.032,-0.90148,-0.1803,-6.7308,0.1803
5.18,0.45076,1.036,-0.89265,-0.17853,-6.7508,0.17853
5.2,0.46852,1.04,-0.88345,-0.17669,-6.7708,0.17669
5.22,0.48609,1.044,-0.87391,-0.17478,-6.7908,0.17478
5.24,0.50347,1.048,-0.86401,-0.1728,-6.8108,0.1728
5.26,0.52065,1.052,-0.85377,-0.17075,-6.8308,0.17075
5.28,0.53762,1.056,-0.84319,-0.16864,-6.8508,0.16864
5.3,0.55437,1.06,-0.83227,-0.16645,-6.8708,0.16645
5.32,0.57091,1.064,-0.82101,-0.1642,-6.8908,0.1642
5.34,0.58721,1.068,-0.80943,-0.16189,-6.9108,0.16189
5.36,0.60328,1.072,-0.79753,-0.15951,-6.9308,0.15951
5.38,0.61911,1.076,-0.7853,-0.15706,-6.9508,0.15706
5.4,0.63469,1.08,-0.77276,-0.15455,-6.9708,0.15455
5.42,0.65002,1.084,-0.75992,-0.15198,-6.9908,0.15198
5.44,0.66509,1.088,-0.74677,-0.14935,-7.0108,0.14935
5.46,0.67989,1.092,-0.73332,-0.14666,-7.0308,0.14666
5.48,0.69442,1.096,-0.71957,-0.14391,-7.0508,0.14391
5.5,0.70867,1.1,-0.70554,-0.14111,-7.0708,0.14111
5.52,0.72264,1.104,-0.69123,-0.13825,-7.0908,0.13825
5.54,0.73632,1.108,-0.67664,-0.13533,-7.1108,0.13533
5.56,0.7497,1.112,-0.66178,-0.13236,-7.1308,0.13236
5.58,0.76279,1.116,-0.64665,-0.12933,-7.1508,0.12933
5.6,0.77557,1.12,-0.63127,-0.12625,-7.1708,0.12625
5.62,0.78804,1.124,-0.61563,-0.12313,-7.1908,0.12313
5.64,0.80019,1.128,-0.59975,-0.11995,-7.2108,0.11995
5.66,0.81202,1.132,-0.58362,-0.11672,-7.2308,0.11672
5.68,0.82353,1.136,-0.56727,-0.11345,-7.2508,0.11345
5.7,0.83471,1.14,-0.55069,-0.11014,-7.2708,0.11014
5.72,0.84556,1.144,-0.53388,-0.10678,-7.2908,0.10678
5.74,0.85607,1.148,-0.51687,-0.10337,-7.3108,0.10337
5.76,0.86623,1.152,-0.49964,-0.099928,-7.3308,0.099928
5.78,0.87605,1.156,-0.48222,-0.096444,-7.3508,0.096444
5.8,0.88552,1.16,-0.4646,-0.09292,-7.3708,0.09292
5.82,0.89463,1.164,-0.4468,-0.08936,-7.3908,0.08936
5.84,0.90339,1.168,-0.42882,-0.085764,-7.4108,0.085764
5.86,0.91179,1.172,-0.41067,-0.082133,-7.4308,0.082133
5.88,0.91982,1.176,-0.39235,-0.07847,-7.4508,0.07847
5.9,0.92748,1.18,-0.37388,-0.074775,-7.4708,0.074775
5.92,0.93477,1.184,-0.35525,-0.071051,-7.4908,0.071051
5.94,0.94169,1.188,-0.33649,-0.067298,-7.5108,0.067298
5.96,0.94823,1.192,-0.31759,-0.063518,-7.5308,0.063518
5.98,0.95439,1.196,-0.29856,-0.059712,-7.5508,0.059712
6,0.96017,1.2,-0.27942,-0.055883,-7.5708,0.055883
6.02,0.96557,1.204,-0.26016,-0.052031,-7.5908,0.052031
6.04,0.97058,1.208,-0.2408,-0.048159,-7.6108,0.048159
6.06,0.9752,1.212,-0.22134,-0.044267,-7.6308,0.044267
6.08,0.97943,1.216,-0.20179,-0.040358,-7.6508,0.040358
6.1,0.98327,1.22,-0.18216,-0.036433,-7.6708,0.036433
6.12,0.98671,1.224,-0.16246,-0.032492,-7.6908,0.032492
6.14,0.98977,1.228,-0.1427,-0.028539,-7.7108,0.028539
6.16,0.99242,1.232,-0.12287,-0.024575,-7.7308,0.024575
6.18,0.99468,1.236,-0.103,-0.0206,-7.7508,0.0206
6.2,0.99654,1.24,-0.083089,-0.016618,-7.7708,0.016618
6.22,0.998,1.244,-0.063143,-0.012629,-7.7908,0.012629
6.24,0.99907,1.248,-0.043172,-0.0086344,-7.8108,0.0086344
6.26,0.99973,1.252,-0.023183,-0.0046366,-7.8308,0.0046366
6.28,0.99999,1.256,-0.0031853,-0.00063706,-7.8508,0.00063706
6.3,0.99986,1.26,0.016814,0.0033628,-7.8708,-0.0033628
6.32,0.99932,1.264,0.036806,0.0073613,-7.8908,-0.0073613
6.34,0.99839,1.268,0.056784,0.011357,-7.9108,-0.011357
6.36,0.99705,1.272,0.076739,0.015348,-7.9308,-0.015348
6.38,0.99532,1.276,0.096664,0.019333,-7.9508,-0.019333
6.4,0.99318,1.28,0.11655,0.02331,-7.9708,-0.02331
6.42,0.99066,1.284,0.13639,0.027278,-7.9908,-0.027278
6.44,0.98773,1.288,0.15617,0.031235,-8.0108,-0.031235
6.46,0.98441,1.292,0.17589,0.035179,-8.0308,-0.035179
6.48,0.98069,1.296,0.19555,0.039109,-8.0508,-0.039109
6.5,0.97659,1.3,0.21512,0.043024,-8.0708,-0.043024
6.52,0.97209,1.304,0.23461,0.046921,-8.0908,-0.046921
6.54,0.9672,1.308,0.254,0.0508,-8.1108,-0.0508
6.56,0.96193,1.312,0.27329,0.054659,-8.1308,-0.054659
6.58,0.95627,1.316,0.29248,0.058495,-8.1508,-0.058495
6.6,0.95023,1.32,0.31154,0.062308,-8.1708,-0.062308
6.62,0.94381,1.324,0.33048,0.066096,-8.1908,-0.066096
6.64,0.93701,1.328,0.34929,0.069858,-8.2108,-0.069858
6.66,0.92984,1.332,0.36796,0.073592,-8.2308,-0.073592
6.68,0.9223,1.336,0.38648,0.077297,-8.2508,-0.077297
6.7,0.91438,1.34,0.40485,0.08097,-8.2708,-0.08097
6.72,0.9061,1.344,0.42306,0.084611,-8.2908,-0.084611
6.74,0.89746,1.348,0.44109,0.088218,-8.3108,-0.088218
6.76,0.88846,1.352,0.45895,0.09179,-8.3308,-0.09179
6.78,0.87911,1.356,0.47663,0.095326,-8.3508,-0.095326
6.8,0.8694,1.36,0.49411,0.098823,-8.3708,-0.098823
6.82,0.85934,1.364,0.5114,0.10228,-8.3908,-0.10228
6.84,0.84894,1.368,0.52848,0.1057,-8.4108,-0.1057
6.86,0.8382,1.372,0.54536,0.10907,-8.4308,-0.10907
6.88,0.82713,1.376,0.56201,0.1124,-8.4508,-0.1124
6.9,0.81573,1.38,0.57844,0.11569,-8.4708,-0.11569
6.92,0.80399,1.384,0.59464,0.11893,-8.4908,-0.11893
6.94,0.79194,1.388,0.6106,0.12212,-8.5108,-0.12212
6.96,0.77957,1.392,0.62631,0.12526,-8.5308,-0.12526
6.98,0.76689,1.396,0.64178,0.12836,-8.5508,-0.12836
7,0.7539,1.4,0.65699,0.1314,-8.5708,-0.1314
7.02,0.74061,1.404,0.67193,0.13439,-8.5908,-0.13439
7.04,0.72703,1.408,0.68661,0.13732,-8.6108,-0.13732
7.06,0.71315,1.412,0.70101,0.1402,-8.6308,-0.1402
7.08,0.69899,1.416,0.71513,0.14303,-8.6508,-0.14303
7.1,0.68455,1.42,0.72897,0.14579,-8.6708,-0.14579
7.12,0.66983,1.424,0.74251,0.1485,-8.6908,-0.1485
7.14,0.65485,1.428,0.75576,0.15115,-8.7108,-0.15115
7.16,0.6396,1.432,0.76871,0.15374,-8.7308,-0.15374
7.18,0.6241,1.436,0.78134,0.15627,-8.7508,-0.15627
7.2,0.60835,1.44,0.79367,0.15873,-8.7708,-0.15873
7.22,0.59236,1.444,0.80568,0.16114,-8.7908,-0.16114
7.24,0.57613,1.448,0.81736,0.16347,-8.8108,-0.16347
7.26,0.55967,1.452,0.82872,0.16574,-8.8308,-0.16574
7.28,0.54298,1.456,0.83975,0.16795,-8.8508,-0.16795
7.3,0.52608,1.46,0.85044,0.17009,-8.8708,-0.17009
7.32,0.50896,1.464,0.86079,0.17216,-8.8908,-0.17216
7.34,0.49165,1.468,0.87079,0.17416,-8.9108,-0.17416
7.36,0.47414,1.472,0.88045,0.17609,-8.9308,-0.17609
7.38,0.45643,1.476,0.88976,0.17795,-8.9508,-0.17795
7.4,0.43855,1.48,0.89871,0.17974,-8.9708,-0.17974
7.42,0.42049,1.484,0.9073,0.18146,-8.9908,-0.18146
7.44,0.40226,1.488,0.91553,0.18311,-9.0108,-0.18311
7.46,0.38387,1.492,0.92339,0.18468,-9.0308,-0.18468
7.48,0.36532,1.496,0.93088,0.18618,-9.0508,-0.18618
7.5,0.34664,1.5,0.938,0.1876,-9.0708,-0.1876
7.52,0.32781,1.504,0.94474,0.18895,-9.0908,-0.18895
7.54,0.30885,1.508,0.95111,0.19022,-9.1108,-0.19022
7.56,0.28977,1.512,0.9571,0.19142,-9.1308,-0.19142
7.58,0.27057,1.516,0.9627,0.19254,-9.1508,-0.19254
7.6,0.25126,1.52,0.96792,0.19358,-9.1708,-0.19358
7.62,0.23185,1.524,0.97275,0.19455,-9.1908,-0.19455
7.64,0.21235,1.528,0.97719,0.19544,-9.2108,-0.19544
7.66,0.19277,1.532,0.98124,0.19625,-9.2308,-0.19625
7.68,0.17311,1.536,0.9849,0.19698,-9.2508,-0.19698
7.7,0.15337,1.54,0.98817,0.19763,-9.2708,-0.19763
7.72,0.13358,1.544,0.99104,0.19821,-9.2908,-0.19821
7.74,0.11373,1.548,0.99351,0.1987,-9.3108,-0.1987
7.76,0.093843,1.552,0.99559,0.19912,-9.3308,-0.19912
7.78,0.073914,1.556,0.99726,0.19945,-9.3508,-0.19945
7.8,0.053955,1.56,0.99854,0.19971,-9.3708,-0.19971
7.82,0.033975,1.564,0.99942,0.19988,-9.3908,-0.19988
7.84,0.013981,1.568,0.9999,0.19998,-9.4108,-0.19998
7.86,-0.0060183,1.572,0.99998,0.2,-9.4308,-0.2
7.88,-0.026015,1.576,0.99966,0.19993,-9.4508,-0.19993
7.9,-0.046002,1.58,0.99894,0.19979,-9.4708,-0.19979
7.92,-0.06597,1.584,0.99782,0.19956,-9.4908,-0.19956
7.94,-0.085912,1.588,0.9963,0.19926,-9.5108,-0.19926
7.96,-0.10582,1.592,0.99439,0.19888,-9.5308,-0.19888
7.98,-0.12569,1.596,0.99207,0.19841,-9.5508,-0.19841
8,-0.1455,1.6,0.98936,0.19787,-9.5708,-0.19787
8.02,-0.16526,1.604,0.98625,0.19725,-9.5908,-0.19725
8.04,-0.18495,1.608,0.98275,0.19655,-9.6108,-0.19655
8.06,-0.20456,1.612,0.97885,0.19577,-9.6308,-0.19577
8.08,-0.2241,1.616,0.97457,0.19491,-9.6508,-0.19491
8.1,-0.24354,1.62,0.96989,0.19398,-9.6708,-0.19398
8.12,-0.26289,1.624,0.96483,0.19297,-9.6908,-0.19297
8.14,-0.28213,1.628,0.95937,0.19187,-9.7108,-0.19187
8.16,-0.30126,1.632,0.95354,0.19071,-9.7308,-0.19071
8.18,-0.32027,1.636,0.94733,0.18947,-9.7508,-0.18947
8.2,-0.33915,1.64,0.94073,0.18815,-9.7708,-0.18815
8.22,-0.3579,1.644,0.93376,0.18675,-9.7908,-0.18675
8.24,-0.3765,1.648,0.92642,0.18528,-9.8108,-0.18528
8.26,-0.39495,1.652,0.9187,0.18374,-9.8308,-0.18374
8.28,-0.41325,1.656,0.91062,0.18212,-9.8508,-0.18212
8.3,-0.43138,1.66,0.90217,0.18043,-9.8708,-0.18043
8.32,-0.44933,1.664,0.89336,0.17867,-9.8908,-0.17867
8.34,-0.46711,1.668,0.8842,0.17684,-9.9108,-0.17684
8.36,-0.4847,1.672,0.87468,0.17494,-9.9308,-0.17494
8.38,-0.50209,1.676,0.86481,0.17296,-9.9508,-0.17296
8.4,-0.51929,1.68,0.8546,0.17092,-9.9708,-0.17092
8.42,-0.53628,1.684,0.84404,0.16881,-9.9908,-0.16881
8.44,-0.55305,1.688,0.83315,0.16663,-10.011,-0.16663
8.46,-0.5696,1.692,0.82192,0.16438,-10.031,-0.16438
8.48,-0.58592,1.696,0.81037,0.16207,-10.051,-0.16207
8.5,-0.60201,1.7,0.79849,0.1597,-10.071,-0.1597
8.52,-0.61786,1.704,0.78629,0.15726,-10.091,-0.15726
8.54,-0.63346,1.708,0.77377,0.15475,-10.111,-0.15475
8.56,-0.64881,1.712,0.76095,0.15219,-10.131,-0.15219
8.58,-0.6639,1.716,0.74782,0.14956,-10.151,-0.14956
8.6,-0.67872,1.72,0.7344,0.14688,-10.171,-0.14688
8.62,-0.69327,1.724,0.72068,0.14414,-10.191,-0.14414
8.64,-0.70755,1.728,0.70667,0.14133,-10.211,-0.14133
8.66,-0.72154,1.732,0.69238,0.13848,-10.231,-0.13848
8.68,-0.73524,1.736,0.67781,0.13556,-10.251,-0.13556
8.7,-0.74865,1.74,0.66297,0.13259,-10.271,-0.13259
8.72,-0.76176,1.744,0.64786,0.12957,-10.291,-0.12957
8.74,-0.77456,1.748,0.6325,0.1265,-10.311,-0.1265
8.76,-0.78705,1.752,0.61688,0.12338,-10.331,-0.12338
8.78,-0.79923,1.756,0.60102,0.1202,-10.351,-0.1202
8.8,-0.81109,1.76,0.58492,0.11698,-10.371,-0.11698
8.82,-0.82263,1.764,0.56858,0.11372,-10.391,-0.11372
8.84,-0.83383,1.768,0.55201,0.1104,-10.411,-0.1104
8.86,-0.84471,1.772,0.53523,0.10705,-10.431,-0.10705
8.88,-0.85524,1.776,0.51823,0.10365,-10.451,-0.10365
8.9,-0.86544,1.78,0.50102,0.1002,-10.471,-0.1002
8.92,-0.87528,1.784,0.48361,0.096723,-10.491,-0.096723
8.94,-0.88478,1.788,0.46601,0.093202,-10.511,-0.093202
8.96,-0.89392,1.792,0.44822,0.089645,-10.531,-0.089645
8.98,-0.90271,1.796,0.43026,0.086051,-10.551,-0.086051
9,-0.91113,1.8,0.41212,0.082424,-10.571,-0.082424
9.02,-0.91919,1.804,0.39381,0.078763,-10.591,-0.078763
9.04,-0.92688,1.808,0.37535,0.075071,-10.611,-0.075071
9.06,-0.9342,1.812,0.35674,0.071348,-10.631,-0.071348
9.08,-0.94115,1.816,0.33799,0.067598,-10.651,-0.067598
9.1,-0.94772,1.82,0.3191,0.06382,-10.671,-0.06382
9.12,-0.95391,1.824,0.30008,0.060016,-10.691,-0.060016
9.14,-0.95972,1.828,0.28094,0.056189,-10.711,-0.056189
9.16,-0.96515,1.832,0.26169,0.052339,-10.731,-0.052339
9.18,-0.97019,1.836,0.24234,0.048468,-10.751,-0.048468
9.2,-0.97484,1.84,0.22289,0.044578,-10.771,-0.044578
9.22,-0.97911,1.844,0.20335,0.04067,-10.791,-0.04067
9.24,-0.98298,1.848,0.18373,0.036746,-10.811,-0.036746
9.26,-0.98645,1.852,0.16403,0.032807,-10.831,-0.032807
9.28,-0.98954,1.856,0.14427,0.028855,-10.851,-0.028855
9.3,-0.99223,1.86,0.12445,0.024891,-10.871,-0.024891
9.32,-0.99452,1.864,0.10459,0.020917,-10.891,-0.020917
9.34,-0.99641,1.868,0.084676,0.016935,-10.911,-0.016935
9.36,-0.9979,1.872,0.064733,0.012947,-10.931,-0.012947
9.38,-0.999,1.876,0.044763,0.0089526,-10.951,-0.0089526
9.4,-0.99969,1.88,0.024775,0.0049551,-10.971,-0.0049551
9.42,-0.99999,1.884,0.0047779,0.00095559,-10.991,-0.00095559
9.44,-0.99988,1.888,-0.015221,-0.0030443,-11.011,0.0030443
9.46,-0.99938,1.892,-0.035215,-0.007043,-11.031,0.007043
9.48,-0.99848,1.896,-0.055194,-0.011039,-11.051,0.011039
9.5,-0.99717,1.9,-0.075151,-0.01503,-11.071,0.01503
9.52,-0.99547,1.904,-0.095078,-0.019016,-11.091,0.019016
9.54,-0.99337,1.908,-0.11497,-0.022993,-11.111,0.022993
9.56,-0.99087,1.912,-0.13481,-0.026962,-11.131,0.026962
9.58,-0.98798,1.916,-0.1546,-0.03092,-11.151,0.03092
9.6,-0.98469,1.92,-0.17433,-0.034865,-11.171,0.034865
9.62,-0.981,1.924,-0.19398,-0.038797,-11.191,0.038797
9.64,-0.97693,1.928,-0.21356,-0.042713,-11.211,0.042713
9.66,-0.97246,1.932,-0.23306,-0.046612,-11.231,0.046612
9.68,-0.96761,1.936,-0.25246,-0.050492,-11.251,0.050492
9.7,-0.96236,1.94,-0.27176,-0.054352,-11.271,0.054352
9.72,-0.95674,1.944,-0.29095,-0.05819,-11.291,0.05819
9.74,-0.95073,1.948,-0.31003,-0.062006,-11.311,0.062006
9.76,-0.94434,1.952,-0.32898,-0.065796,-11.331,0.065796
9.78,-0.93757,1.956,-0.3478,-0.06956,-11.351,0.06956
9.8,-0.93043,1.96,-0.36648,-0.073296,-11.371,0.073296
9.82,-0.92291,1.964,-0.38501,-0.077003,-11.391,0.077003
9.84,-0.91503,1.968,-0.40339,-0.080679,-11.411,0.080679
9.86,-0.90678,1.972,-0.42161,-0.084322,-11.431,0.084322
9.88,-0.89816,1.976,-0.43966,-0.087932,-11.451,0.087932
9.9,-0.88919,1.98,-0.45754,-0.091507,-11.471,0.091507
9.92,-0.87986,1.984,-0.47523,-0.095045,-11.491,0.095045
9.94,-0.87018,1.988,-0.49273,-0.098546,-11.511,0.098546
9.96,-0.86016,1.992,-0.51003,-0.10201,-11.531,0.10201
9.98,-0.84978,1.996,-0.52713,-0.10543,-11.551,0.10543
10,-0.83907,2,-0.54402,-0.1088,-11.571,0.1088
10.02,-0.82802,2.004,-0.56069,-0.11214,-11.591,0.11214
10.04,-0.81665,2.008,-0.57714,-0.11543,-11.611,0.11543
10.06,-0.80494,2.012,-0.59336,-0.11867,-11.631,0.11867
10.08,-0.79291,2.016,-0.60934,-0.12187,-11.651,0.12187
10.1,-0.78057,2.02,-0.62507,-0.12501,-11.671,0.12501
10.12,-0.76791,2.024,-0.64056,-0.12811,-11.691,0.12811
10.14,-0.75495,2.028,-0.65579,-0.13116,-11.711,0.13116
10.16,-0.74168,2.032,-0.67075,-0.13415,-11.731,0.13415
10.18,-0.72812,2.036,-0.68545,-0.13709,-11.751,0.13709
10.2,-0.71427,2.04,-0.69987,-0.13997,-11.771,0.13997
10.22,-0.70013,2.044,-0.71402,-0.1428,-11.791,0.1428
10.24,-0.68571,2.048,-0.72788,-0.14558,-11.811,0.14558
10.26,-0.67101,2.052,-0.74145,-0.14829,-11.831,0.14829
10.28,-0.65605,2.056,-0.75472,-0.15094,-11.851,0.15094
10.3,-0.64083,2.06,-0.76769,-0.15354,-11.871,0.15354
10.32,-0.62535,2.064,-0.78035,-0.15607,-11.891,0.15607
10.34,-0.60961,2.068,-0.7927,-0.15854,-11.911,0.15854
10.36,-0.59364,2.072,-0.80473,-0.16095,-11.931,0.16095
10.38,-0.57743,2.076,-0.81644,-0.16329,-11.951,0.16329
10.4,-0.56098,2.08,-0.82783,-0.16557,-11.971,0.16557
10.42,-0.54432,2.084,-0.83888,-0.16778,-11.991,0.16778
10.44,-0.52743,2.088,-0.8496,-0.16992,-12.011,0.16992
10.46,-0.51033,2.092,-0.85998,-0.172,-12.031,0.172
10.48,-0.49303,2.096,-0.87001,-0.174,-12.051,0.174
10.5,-0.47554,2.1,-0.8797,-0.17594,-12.071,0.17594
10.52,-0.45785,2.104,-0.88903,-0.17781,-12.091,0.17781
10.54,-0.43998,2.108,-0.89801,-0.1796,-12.111,0.1796
10.56,-0.42193,2.112,-0.90663,-0.18133,-12.131,0.18133
10.58,-0.40372,2.116,-0.91488,-0.18298,-12.151,0.18298
10.6,-0.38534,2.12,-0.92278,-0.18456,-12.171,0.18456
10.62,-0.36681,2.124,-0.9303,-0.18606,-12.191,0.18606
10.64,-0.34813,2.128,-0.93745,-0.18749,-12.211,0.18749
10.66,-0.32931,2.132,-0.94422,-0.18884,-12.231,0.18884
10.68,-0.31036,2.136,-0.95062,-0.19012,-12.251,0.19012
10.7,-0.29129,2.14,-0.95664,-0.19133,-12.271,0.19133
10.72,-0.2721,2.144,-0.96227,-0.19245,-12.291,0.19245
10.74,-0.2528,2.148,-0.96752,-0.1935,-12.311,0.1935
10.76,-0.2334,2.152,-0.97238,-0.19448,-12.331,0.19448
10.78,-0.21391,2.156,-0.97685,-0.19537,-12.351,0.19537
10.8,-0.19433,2.16,-0.98094,-0.19619,-12.371,0.19619
10.82,-0.17467,2.164,-0.98463,-0.19693,-12.391,0.19693
10.84,-0.15495,2.168,-0.98792,-0.19758,-12.411,0.19758
10.86,-0.13516,2.172,-0.99082,-0.19816,-12.431,0.19816
10.88,-0.11532,2.176,-0.99333,-0.19867,-12.451,0.19867
10.9,-0.095429,2.18,-0.99544,-0.19909,-12.471,0.19909
10.92,-0.075502,2.184,-0.99715,-0.19943,-12.491,0.19943
10.94,-0.055546,2.188,-0.99846,-0.19969,-12.511,0.19969
10.96,-0.035567,2.192,-0.99937,-0.19987,-12.531,0.19987
10.98,-0.015574,2.196,-0.99988,-0.19998,-12.551,0.19998
11,0.0044257,2.2,-0.99999,-0.2,-12.571,0.2
11.02,0.024423,2.204,-0.9997,-0.19994,-12.591,0.19994
11.04,0.044411,2.208,-0.99901,-0.1998,-12.611,0.1998
11.06,0.064381,2.212,-0.99793,-0.19959,-12.631,0.19959
11.08,0.084325,2.216,-0.99644,-0.19929,-12.651,0.19929
11.1,0.10424,2.22,-0.99455,-0.19891,-12.671,0.19891
11.12,0.1241,2.224,-0.99227,-0.19845,-12.691,0.19845
11.14,0.14392,2.228,-0.98959,-0.19792,-12.711,0.19792
11.16,0.16369,2.232,-0.98651,-0.1973,-12.731,0.1973
11.18,0.18338,2.236,-0.98304,-0.19661,-12.751,0.19661
11.2,0.203,2.24,-0.97918,-0.19584,-12.771,0.19584
11.22,0.22255,2.244,-0.97492,-0.19498,-12.791,0.19498
11.24,0.242,2.248,-0.97028,-0.19406,-12.811,0.19406
11.26,0.26135,2.252,-0.96524,-0.19305,-12.831,0.19305
11.28,0.28061,2.256,-0.95982,-0.19196,-12.851,0.19196
11.3,0.29975,2.26,-0.95402,-0.1908,-12.871,0.1908
11.32,0.31876,2.264,-0.94783,-0.18957,-12.891,0.18957
11.34,0.33766,2.268,-0.94127,-0.18825,-12.911,0.18825
11.36,0.35641,2.272,-0.93433,-0.18687,-12.931,0.18687
11.38,0.37503,2.276,-0.92701,-0.1854,-12.951,0.1854
11.4,0.39349,2.28,-0.91933,-0.18387,-12.971,0.18387
11.42,0.4118,2.284,-0.91128,-0.18226,-12.991,0.18226
11.44,0.42994,2.288,-0.90286,-0.18057,-13.011,0.18057
11.46,0.44791,2.292,-0.89408,-0.17882,-13.031,0.17882
11.48,0.4657,2.296,-0.88494,-0.17699,-13.051,0.17699
11.5,0.4833,2.3,-0.87545,-0.17509,-13.071,0.17509
11.52,0.50072,2.304,-0.86561,-0.17312,-13.091,0.17312
11.54,0.51793,2.308,-0.85542,-0.17108,-13.111,0.17108
11.56,0.53493,2.312,-0.8449,-0.16898,-13.131,0.16898
11.58,0.55172,2.316,-0.83403,-0.16681,-13.151,0.16681
11.6,0.56829,2.32,-0.82283,-0.16457,-13.171,0.16457
11.62,0.58463,2.324,-0.8113,-0.16226,-13.191,0.16226
11.64,0.60074,2.328,-0.79944,-0.15989,-13.211,0.15989
11.66,0.61661,2.332,-0.78727,-0.15745,-13.231,0.15745
11.68,0.63223,2.336,-0.77478,-0.15496,-13.251,0.15496
11.7,0.6476,2.34,-0.76198,-0.1524,-13.271,0.1524
11.72,0.66271,2.344,-0.74888,-0.14978,-13.291,0.14978
11.74,0.67755,2.348,-0.73548,-0.1471,-13.311,0.1471
11.76,0.69212,2.352,-0.72178,-0.14436,-13.331,0.14436
11.78,0.70642,2.356,-0.70779,-0.14156,-13.351,0.14156
11.8,0.72043,2.36,-0.69353,-0.13871,-13.371,0.13871
11.82,0.73416,2.364,-0.67898,-0.1358,-13.391,0.1358
11.84,0.74759,2.368,-0.66416,-0.13283,-13.411,0.13283
11.86,0.76072,2.372,-0.64908,-0.12982,-13.431,0.12982
11.88,0.77355,2.376,-0.63373,-0.12675,-13.451,0.12675
11.9,0.78607,2.38,-0.61814,-0.12363,-13.471,0.12363
11.92,0.79828,2.384,-0.60229,-0.12046,-13.491,0.12046
11.94,0.81016,2.388,-0.58621,-0.11724,-13.511,0.11724
11.96,0.82172,2.392,-0.56989,-0.11398,-13.531,0.11398
11.98,0.83295,2.396,-0.55334,-0.11067,-13.551,0.11067
12,0.84385,2.4,-0.53657,-0.10731,-13.571,0.10731
12.02,0.85442,2.404,-0.51959,-0.10392,-13.591,0.10392
12.04,0.86464,2.408,-0.5024,-0.10048,-13.611,0.10048
12.06,0.87451,2.412,-0.48501,-0.097001,-13.631,0.097001
12.08,0.88404,2.416,-0.46742,-0.093484,-13.651,0.093484
12.1,0.89321,2.42,-0.44965,-0.089929,-13.671,0.089929
12.12,0.90202,2.424,-0.43169,-0.086339,-13.691,0.086339
12.14,0.91047,2.428,-0.41357,-0.082714,-13.711,0.082714
12.16,0.91856,2.432,-0.39528,-0.079056,-13.731,0.079056
12.18,0.92628,2.436,-0.37683,-0.075366,-13.751,0.075366
12.2,0.93363,2.44,-0.35823,-0.071646,-13.771,0.071646
12.22,0.94061,2.444,-0.33949,-0.067897,-13.791,0.067897
12.24,0.94721,2.448,-0.32061,-0.064121,-13.811,0.064121
12.26,0.95343,2.452,-0.3016,-0.06032,-13.831,0.06032
12.28,0.95928,2.456,-0.28247,-0.056495,-13.851,0.056495
12.3,0.96473,2.46,-0.26323,-0.052646,-13.871,0.052646
12.32,0.9698,2.464,-0.24389,-0.048777,-13.891,0.048777
12.34,0.97449,2.468,-0.22444,-0.044888,-13.911,0.044888
12.36,0.97878,2.472,-0.20491,-0.040982,-13.931,0.040982
12.38,0.98268,2.476,-0.18529,-0.037059,-13.951,0.037059
12.4,0.98619,2.48,-0.1656,-0.033121,-13.971,0.033121
12.42,0.98931,2.484,-0.14585,-0.02917,-13.991,0.02917
12.44,0.99203,2.488,-0.12603,-0.025207,-14.011,0.025207
12.46,0.99435,2.492,-0.10617,-0.021234,-14.031,0.021234
12.48,0.99627,2.496,-0.086263,-0.017253,-14.051,0.017253
12.5,0.9978,2.5,-0.066322,-0.013264,-14.071,0.013264
12.52,0.99893,2.504,-0.046354,-0.0092708,-14.091,0.0092708
12.54,0.99965,2.508,-0.026368,-0.0052735,-14.111,0.0052735
12.56,0.99998,2.512,-0.0063706,-0.0012741,-14.131,0.0012741
12.58,0.99991,2.516,0.013629,0.0027258,-14.151,-0.0027258
12.6,0.99943,2.52,0.033623,0.0067246,-14.171,-0.0067246
12.62,0.99856,2.524,0.053604,0.010721,-14.191,-0.010721
12.64,0.99729,2.528,0.073563,0.014713,-14.211,-0.014713
12.66,0.99562,2.532,0.093493,0.018699,-14.231,-0.018699
12.68,0.99355,2.536,0.11339,0.022677,-14.251,-0.022677
12.7,0.99108,2.54,0.13323,0.026646,-14.271,-0.026646
12.72,0.98822,2.544,0.15303,0.030605,-14.291,-0.030605
12.74,0.98496,2.548,0.17276,0.034552,-14.311,-0.034552
12.76,0.98131,2.552,0.19242,0.038484,-14.331,-0.038484
12.78,0.97727,2.556,0.21201,0.042402,-14.351,-0.042402
12.8,0.97283,2.56,0.23151,0.046302,-14.371,-0.046302
12.82,0.96801,2.564,0.25092,0.050184,-14.391,-0.050184
12.84,0.9628,2.568,0.27023,0.054046,-14.411,-0.054046
12.86,0.9572,2.572,0.28943,0.057886,-14.431,-0.057886
12.88,0.95122,2.576,0.30851,0.061703,-14.451,-0.061703
12.9,0.94486,2.58,0.32747,0.065495,-14.471,-0.065495
12.92,0.93812,2.584,0.3463,0.069261,-14.491,-0.069261
12.94,0.93101,2.588,0.365,0.072999,-14.511,-0.072999
12.96,0.92352,2.592,0.38354,0.076709,-14.531,-0.076709
12.98,0.91567,2.596,0.40194,0.080387,-14.551,-0.080387
13,0.90745,2.6,0.42017,0.084033,-14.571,-0.084033
13.02,0.89886,2.604,0.43823,0.087646,-14.591,-0.087646
13.04,0.88992,2.608,0.45612,0.091224,-14.611,-0.091224
13.06,0.88062,2.612,0.47383,0.094765,-14.631,-0.094765
13.08,0.87097,2.616,0.49134,0.098268,-14.651,-0.098268
13.1,0.86097,2.62,0.50866,0.10173,-14.671,-0.10173
13.12,0.85062,2.624,0.52578,0.10516,-14.691,-0.10516
13.14,0.83994,2.628,0.54268,0.10854,-14.711,-0.10854
13.16,0.82892,2.632,0.55937,0.11187,-14.731,-0.11187
13.18,0.81756,2.636,0.57584,0.11517,-14.751,-0.11517
13.2,0.80588,2.64,0.59207,0.11841,-14.771,-0.11841
13.22,0.79388,2.644,0.60807,0.12161,-14.791,-0.12161
13.24,0.78156,2.648,0.62383,0.12477,-14.811,-0.12477
13.26,0.76893,2.652,0.63933,0.12787,-14.831,-0.12787
13.28,0.75599,2.656,0.65458,0.13092,-14.851,-0.13092
13.3,0.74275,2.66,0.66957,0.13391,-14.871,-0.13391
13.32,0.72921,2.664,0.68429,0.13686,-14.891,-0.13686
13.34,0.71538,2.668,0.69874,0.13975,-14.911,-0.13975
13.36,0.70126,2.672,0.7129,0.14258,-14.931,-0.14258
13.38,0.68687,2.676,0.72678,0.14536,-14.951,-0.14536
13.4,0.67219,2.68,0.74038,0.14808,-14.971,-0.14808
13.42,0.65725,2.684,0.75367,0.15073,-14.991,-0.15073
13.44,0.64205,2.688,0.76666,0.15333,-15.011,-0.15333
13.46,0.62659,2.692,0.77935,0.15587,-15.031,-0.15587
13.48,0.61088,2.696,0.79173,0.15835,-15.051,-0.15835
13.5,0.59492,2.7,0.80378,0.16076,-15.071,-0.16076
13.52,0.57873,2.704,0.81552,0.1631,-15.091,-0.1631
13.54,0.5623,2.708,0.82693,0.16539,-15.111,-0.16539
13.56,0.54565,2.712,0.83801,0.1676,-15.131,-0.1676
13.58,0.52878,2.716,0.84876,0.16975,-15.151,-0.16975
13.6,0.5117,2.72,0.85916,0.17183,-15.171,-0.17183
13.62,0.49442,2.724,0.86922,0.17384,-15.191,-0.17384
13.64,0.47694,2.728,0.87894,0.17579,-15.211,-0.17579
13.66,0.45926,2.732,0.8883,0.17766,-15.231,-0.17766
13.68,0.44141,2.736,0.89731,0.17946,-15.251,-0.17946
13.7,0.42337,2.74,0.90595,0.18119,-15.271,-0.18119
13.72,0.40517,2.744,0.91424,0.18285,-15.291,-0.18285
13.74,0.38681,2.748,0.92216,0.18443,-15.311,-0.18443
13.76,0.36829,2.752,0.92971,0.18594,-15.331,-0.18594
13.78,0.34962,2.756,0.93689,0.18738,-15.351,-0.18738
13.8,0.33081,2.76,0.9437,0.18874,-15.371,-0.18874
13.82,0.31188,2.764,0.95012,0.19002,-15.391,-0.19002
13.84,0.29281,2.768,0.95617,0.19123,-15.411,-0.19123
13.86,0.27363,2.772,0.96183,0.19237,-15.431,-0.19237
13.88,0.25434,2.776,0.96711,0.19342,-15.451,-0.19342
13.9,0.23495,2.78,0.97201,0.1944,-15.471,-0.1944
13.92,0.21546,2.784,0.97651,0.1953,-15.491,-0.1953
13.94,0.19589,2.788,0.98063,0.19613,-15.511,-0.19613
13.96,0.17624,2.792,0.98435,0.19687,-15.531,-0.19687
13.98,0.15652,2.796,0.98767,0.19753,-15.551,-0.19753
14,0.13674,2.8,0.99061,0.19812,-15.571,-0.19812
14.02,0.1169,2.804,0.99314,0.19863,-15.591,-0.19863
14.04,0.097014,2.808,0.99528,0.19906,-15.611,-0.19906
14.06,0.07709,2.812,0.99702,0.1994,-15.631,-0.1994
14.08,0.057136,2.816,0.99837,0.19967,-15.651,-0.19967
14.1,0.037158,2.82,0.99931,0.19986,-15.671,-0.19986
14.12,0.017166,2.824,0.99985,0.19997,-15.691,-0.19997
14.14,-0.0028331,2.828,1,0.2,-15.711,-0.2
14.16,-0.022831,2.832,0.99974,0.19995,-15.731,-0.19995
14.18,-0.04282,2.836,0.99908,0.19982,-15.751,-0.19982
14.2,-0.062792,2.84,0.99803,0.19961,-15.771,-0.19961
14.22,-0.082738,2.844,0.99657,0.19931,-15.791,-0.19931
14.24,-0.10265,2.848,0.99472,0.19894,-15.811,-0.19894
14.26,-0.12252,2.852,0.99247,0.19849,-15.831,-0.19849
14.28,-0.14235,2.856,0.98982,0.19796,-15.851,-0.19796
14.3,-0.16211,2.86,0.98677,0.19735,-15.871,-0.19735
14.32,-0.18182,2.864,0.98333,0.19667,-15.891,-0.19667
14.34,-0.20145,2.868,0.9795,0.1959,-15.911,-0.1959
14.36,-0.22099,2.872,0.97528,0.19506,-15.931,-0.19506
14.38,-0.24045,2.876,0.97066,0.19413,-15.951,-0.19413
14.4,-0.25982,2.88,0.96566,0.19313,-15.971,-0.19313
14.42,-0.27908,2.884,0.96027,0.19205,-15.991,-0.19205
14.44,-0.29823,2.888,0.9545,0.1909,-16.011,-0.1909
14.46,-0.31725,2.892,0.94834,0.18967,-16.031,-0.18967
14.48,-0.33616,2.896,0.94181,0.18836,-16.051,-0.18836
14.5,-0.35492,2.9,0.9349,0.18698,-16.071,-0.18698
14.52,-0.37355,2.904,0.92761,0.18552,-16.091,-0.18552
14.54,-0.39203,2.908,0.91995,0.18399,-16.111,-0.18399
14.56,-0.41035,2.912,0.91193,0.18239,-16.131,-0.18239
14.58,-0.4285,2.916,0.90354,0.18071,-16.151,-0.18071
14.6,-0.44648,2.92,0.89479,0.17896,-16.171,-0.17896
14.62,-0.46429,2.924,0.88568,0.17714,-16.191,-0.17714
14.64,-0.48191,2.928,0.87622,0.17524,-16.211,-0.17524
14.66,-0.49934,2.932,0.86641,0.17328,-16.231,-0.17328
14.68,-0.51656,2.936,0.85625,0.17125,-16.251,-0.17125
14.7,-0.53358,2.94,0.84575,0.16915,-16.271,-0.16915
14.72,-0.55039,2.944,0.83491,0.16698,-16.291,-0.16698
14.74,-0.56698,2.948,0.82373,0.16475,-16.311,-0.16475
14.76,-0.58334,2.952,0.81223,0.16245,-16.331,-0.16245
14.78,-0.59947,2.956,0.8004,0.16008,-16.351,-0.16008
14.8,-0.61535,2.96,0.78825,0.15765,-16.371,-0.15765
14.82,-0.63099,2.964,0.77579,0.15516,-16.391,-0.15516
14.84,-0.64638,2.968,0.76301,0.1526,-16.411,-0.1526
14.86,-0.66151,2.972,0.74993,0.14999,-16.431,-0.14999
14.88,-0.67638,2.976,0.73656,0.14731,-16.451,-0.14731
14.9,-0.69097,2.98,0.72288,0.14458,-16.471,-0.14458
14.92,-0.70529,2.984,0.70892,0.14178,-16.491,-0.14178
14.94,-0.71933,2.988,0.69467,0.13893,-16.511,-0.13893
14.96,-0.73308,2.992,0.68015,0.13603,-16.531,-0.13603
14.98,-0.74653,2.996,0.66535,0.13307,-16.551,-0.13307
15,-0.75969,3,0.65029,0.13006,-16.571,-0.13006
15.02,-0.77254,3.004,0.63497,0.12699,-16.591,-0.12699
15.04,-0.78508,3.008,0.61939,0.12388,-16.611,-0.12388
15.06,-0.79731,3.012,0.60356,0.12071,-16.631,-0.12071
15.08,-0.80923,3.016,0.5875,0.1175,-16.651,-0.1175
15.1,-0.82081,3.02,0.5712,0.11424,-16.671,-0.11424
15.12,-0.83207,3.024,0.55467,0.11093,-16.691,-0.11093
15.14,-0.843,3.028,0.53792,0.10758,-16.711,-0.10758
15.16,-0.85359,3.032,0.52095,0.10419,-16.731,-0.10419
15.18,-0.86383,3.036,0.50377,0.10075,-16.751,-0.10075
15.2,-0.87374,3.04,0.4864,0.09728,-16.771,-0.09728
15.22,-0.88329,3.044,0.46883,0.093766,-16.791,-0.093766
15.24,-0.89249,3.048,0.45107,0.090214,-16.811,-0.090214
15.26,-0.90133,3.052,0.43313,0.086626,-16.831,-0.086626
15.28,-0.90981,3.056,0.41502,0.083004,-16.851,-0.083004
15.3,-0.91793,3.06,0.39674,0.079348,-16.871,-0.079348
15.32,-0.92568,3.064,0.3783,0.075661,-16.891,-0.075661
15.34,-0.93306,3.068,0.35972,0.071943,-16.911,-0.071943
15.36,-0.94007,3.072,0.34098,0.068197,-16.931,-0.068197
15.38,-0.9467,3.076,0.32212,0.064423,-16.951,-0.064423
15.4,-0.95295,3.08,0.30312,0.060624,-16.971,-0.060624
15.42,-0.95882,3.084,0.284,0.0568,-16.991,-0.0568
15.44,-0.96431,3.088,0.26477,0.052954,-17.011,-0.052954
15.46,-0.96941,3.092,0.24543,0.049086,-17.031,-0.049086
15.48,-0.97413,3.096,0.22599,0.045199,-17.051,-0.045199
15.5,-0.97845,3.1,0.20647,0.041293,-17.071,-0.041293
15.52,-0.98239,3.104,0.18686,0.037372,-17.091,-0.037372
15.54,-0.98593,3.108,0.16717,0.033435,-17.111,-0.033435
15.56,-0.98907,3.112,0.14742,0.029485,-17.131,-0.029485
15.58,-0.99182,3.116,0.12761,0.025523,-17.151,-0.025523
15.6,-0.99418,3.12,0.10775,0.021551,-17.171,-0.021551
15.62,-0.99613,3.124,0.08785,0.01757,-17.191,-0.01757
15.64,-0.99769,3.128,0.067911,0.013582,-17.211,-0.013582
15.66,-0.99885,3.132,0.047945,0.009589,-17.231,-0.009589
15.68,-0.99961,3.136,0.02796,0.0055919,-17.251,-0.0055919
15.7,-0.99997,3.14,0.0079632,0.0015926,-17.271,-0.0015926
15.72,-0.99993,3.144,-0.012036,-0.0024073,-17.291,0.0024073
15.74,-0.99949,3.148,-0.032031,-0.0064063,-17.311,0.0064063
15.76,-0.99865,3.152,-0.052013,-0.010403,-17.331,0.010403
15.78,-0.99741,3.156,-0.071974,-0.014395,-17.351,0.014395
15.8,-0.99577,3.16,-0.091907,-0.018381,-17.371,0.018381
15.82,-0.99373,3.164,-0.1118,-0.02236,-17.391,0.02236
15.84,-0.9913,3.168,-0.13165,-0.026331,-17.411,0.026331
15.86,-0.98846,3.172,-0.15145,-0.03029,-17.431,0.03029
15.88,-0.98524,3.176,-0.17119,-0.034238,-17.451,0.034238
15.9,-0.98162,3.18,-0.19086,-0.038172,-17.471,0.038172
15.92,-0.9776,3.184,-0.21045,-0.04209,-17.491,0.04209
15.94,-0.9732,3.188,-0.22996,-0.045992,-17.511,0.045992
15.96,-0.96841,3.192,-0.24938,-0.049875,-17.531,0.049875
15.98,-0.96323,3.196,-0.26869,-0.053739,-17.551,0.053739
16,-0.95766,3.2,-0.2879,-0.057581,-17.571,0.057581
16.02,-0.95171,3.204,-0.307,-0.0614,-17.591,0.0614
16.04,-0.94538,3.208,-0.32597,-0.065194,-17.611,0.065194
16.06,-0.93867,3.212,-0.34481,-0.068962,-17.631,0.068962
16.08,-0.93159,3.216,-0.36351,-0.072703,-17.651,0.072703
16.1,-0.92413,3.22,-0.38207,-0.076414,-17.671,0.076414
16.12,-0.91631,3.224,-0.40048,-0.080095,-17.691,0.080095
16.14,-0.90811,3.228,-0.41872,-0.083744,-17.711,0.083744
16.16,-0.89956,3.232,-0.4368,-0.08736,-17.731,0.08736
16.18,-0.89064,3.236,-0.4547,-0.09094,-17.751,0.09094
16.2,-0.88137,3.24,-0.47242,-0.094484,-17.771,0.094484
16.22,-0.87175,3.244,-0.48995,-0.097991,-17.791,0.097991
16.24,-0.86178,3.248,-0.50729,-0.10146,-17.811,0.10146
16.26,-0.85146,3.252,-0.52442,-0.10488,-17.831,0.10488
16.28,-0.8408,3.256,-0.54135,-0.10827,-17.851,0.10827
16.3,-0.82981,3.26,-0.55805,-0.11161,-17.871,0.11161
16.32,-0.81848,3.264,-0.57454,-0.11491,-17.891,0.11491
16.34,-0.80683,3.268,-0.59079,-0.11816,-17.911,0.11816
16.36,-0.79485,3.272,-0.60681,-0.12136,-17.931,0.12136
16.38,-0.78256,3.276,-0.62258,-0.12452,-17.951,0.12452
16.4,-0.76995,3.28,-0.63811,-0.12762,-17.971,0.12762
16.42,-0.75703,3.284,-0.65338,-0.13068,-17.991,0.13068
16.44,-0.74381,3.288,-0.66839,-0.13368,-18.011,0.13368
16.46,-0.7303,3.292,-0.68313,-0.13663,-18.031,0.13663
16.48,-0.71649,3.296,-0.6976,-0.13952,-18.051,0.13952
16.5,-0.7024,3.3,-0.71179,-0.14236,-18.071,0.14236
16.52,-0.68802,3.304,-0.72569,-0.14514,-18.091,0.14514
16.54,-0.67337,3.308,-0.7393,-0.14786,-18.111,0.14786
16.56,-0.65845,3.312,-0.75262,-0.15052,-18.131,0.15052
16.58,-0.64327,3.316,-0.76564,-0.15313,-18.151,0.15313
16.6,-0.62783,3.32,-0.77835,-0.15567,-18.171,0.15567
16.62,-0.61214,3.324,-0.79075,-0.15815,-18.191,0.15815
16.64,-0.5962,3.328,-0.80284,-0.16057,-18.211,0.16057
16.66,-0.58003,3.332,-0.8146,-0.16292,-18.231,0.16292
16.68,-0.56362,3.336,-0.82604,-0.16521,-18.251,0.16521
16.7,-0.54699,3.34,-0.83714,-0.16743,-18.271,0.16743
16.72,-0.53013,3.344,-0.84791,-0.16958,-18.291,0.16958
16.74,-0.51307,3.348,-0.85835,-0.17167,-18.311,0.17167
16.76,-0.4958,3.352,-0.86843,-0.17369,-18.331,0.17369
16.78,-0.47834,3.356,-0.87818,-0.17564,-18.351,0.17564
16.8,-0.46068,3.36,-0.88757,-0.17751,-18.371,0.17751
16.82,-0.44284,3.364,-0.8966,-0.17932,-18.391,0.17932
16.84,-0.42482,3.368,-0.90528,-0.18106,-18.411,0.18106
16.86,-0.40663,3.372,-0.91359,-0.18272,-18.431,0.18272
16.88,-0.38828,3.376,-0.92154,-0.18431,-18.451,0.18431
16.9,-0.36977,3.38,-0.92912,-0.18582,-18.471,0.18582
16.92,-0.35111,3.384,-0.93633,-0.18727,-18.491,0.18727
16.94,-0.33232,3.388,-0.94317,-0.18863,-18.511,0.18863
16.96,-0.31339,3.392,-0.94962,-0.18992,-18.531,0.18992
16.98,-0.29433,3.396,-0.9557,-0.19114,-18.551,0.19114
17,-0.27516,3.4,-0.9614,-0.19228,-18.571,0.19228
17.02,-0.25588,3.404,-0.96671,-0.19334,-18.591,0.19334
17.04,-0.2365,3.408,-0.97163,-0.19433,-18.611,0.19433
17.06,-0.21702,3.412,-0.97617,-0.19523,-18.631,0.19523
17.08,-0.19745,3.416,-0.98031,-0.19606,-18.651,0.19606
17.1,-0.17781,3.42,-0.98407,-0.19681,-18.671,0.19681
17.12,-0.15809,3.424,-0.98742,-0.19748,-18.691,0.19748
17.14,-0.13831,3.428,-0.99039,-0.19808,-18.711,0.19808
17.16,-0.11848,3.432,-0.99296,-0.19859,-18.731,0.19859
17.18,-0.098599,3.436,-0.99513,-0.19903,-18.751,0.19903
17.2,-0.078678,3.44,-0.9969,-0.19938,-18.771,0.19938
17.22,-0.058726,3.444,-0.99827,-0.19965,-18.791,0.19965
17.24,-0.03875,3.448,-0.99925,-0.19985,-18.811,0.19985
17.26,-0.018758,3.452,-0.99982,-0.19996,-18.831,0.19996
17.28,0.0012404,3.456,-1,-0.2,-18.851,0.2
17.3,0.021239,3.46,-0.99977,-0.19995,-18.871,0.19995
17.32,0.041229,3.464,-0.99915,-0.19983,-18.891,0.19983
17.34,0.061202,3.468,-0.99813,-0.19963,-18.911,0.19963
17.36,0.081151,3.472,-0.9967,-0.19934,-18.931,0.19934
17.38,0.10107,3.476,-0.99488,-0.19898,-18.951,0.19898
17.4,0.12094,3.48,-0.99266,-0.19853,-18.971,0.19853
17.42,0.14077,3.484,-0.99004,-0.19801,-18.991,0.19801
17.44,0.16054,3.488,-0.98703,-0.19741,-19.011,0.19741
17.46,0.18025,3.492,-0.98362,-0.19672,-19.031,0.19672
17.48,0.19988,3.496,-0.97982,-0.19596,-19.051,0.19596
17.5,0.21944,3.5,-0.97563,-0.19513,-19.071,0.19513
17.52,0.23891,3.504,-0.97104,-0.19421,-19.091,0.19421
17.54,0.25828,3.508,-0.96607,-0.19321,-19.111,0.19321
17.56,0.27755,3.512,-0.96071,-0.19214,-19.131,0.19214
17.58,0.2967,3.516,-0.95497,-0.19099,-19.151,0.19099
17.6,0.31574,3.52,-0.94884,-0.18977,-19.171,0.18977
17.62,0.33466,3.524,-0.94234,-0.18847,-19.191,0.18847
17.64,0.35343,3.528,-0.93546,-0.18709,-19.211,0.18709
17.66,0.37207,3.532,-0.9282,-0.18564,-19.231,0.18564
17.68,0.39056,3.536,-0.92058,-0.18412,-19.251,0.18412
17.7,0.40889,3.54,-0.91258,-0.18252,-19.271,0.18252
17.72,0.42706,3.544,-0.90422,-0.18084,-19.291,0.18084
17.74,0.44506,3.548,-0.8955,-0.1791,-19.311,0.1791
17.76,0.46288,3.552,-0.88642,-0.17728,-19.331,0.17728
17.78,0.48051,3.556,-0.87699,-0.1754,-19.351,0.1754
17.8,0.49796,3.56,-0.8672,-0.17344,-19.371,0.17344
17.82,0.5152,3.564,-0.85707,-0.17141,-19.391,0.17141
17.84,0.53224,3.568,-0.8466,-0.16932,-19.411,0.16932
17.86,0.54906,3.572,-0.83578,-0.16716,-19.431,0.16716
17.88,0.56567,3.576,-0.82463,-0.16493,-19.451,0.16493
17.9,0.58204,3.58,-0.81316,-0.16263,-19.471,0.16263
17.92,0.59819,3.584,-0.80135,-0.16027,-19.491,0.16027
17.94,0.6141,3.588,-0.78923,-0.15785,-19.511,0.15785
17.96,0.62976,3.592,-0.77679,-0.15536,-19.531,0.15536
17.98,0.64517,3.596,-0.76404,-0.15281,-19.551,0.15281
18,0.66032,3.6,-0.75099,-0.1502,-19.571,0.1502
18.02,0.6752,3.604,-0.73763,-0.14753,-19.591,0.14753
18.04,0.68982,3.608,-0.72398,-0.1448,-19.611,0.1448
18.06,0.70416,3.612,-0.71004,-0.14201,-19.631,0.14201
18.08,0.71822,3.616,-0.69582,-0.13916,-19.651,0.13916
18.1,0.73199,3.62,-0.68131,-0.13626,-19.671,0.13626
18.12,0.74547,3.624,-0.66654,-0.13331,-19.691,0.13331
18.14,0.75865,3.628,-0.6515,-0.1303,-19.711,0.1303
18.16,0.77153,3.632,-0.63619,-0.12724,-19.731,0.12724
18.18,0.7841,3.636,-0.62064,-0.12413,-19.751,0.12413
18.2,0.79635,3.64,-0.60483,-0.12097,-19.771,0.12097
18.22,0.80829,3.644,-0.58879,-0.11776,-19.791,0.11776
18.24,0.8199,3.648,-0.5725,-0.1145,-19.811,0.1145
18.26,0.83119,3.652,-0.55599,-0.1112,-19.831,0.1112
18.28,0.84214,3.656,-0.53926,-0.10785,-19.851,0.10785
18.3,0.85276,3.66,-0.52231,-0.10446,-19.871,0.10446
18.32,0.86303,3.664,-0.50515,-0.10103,-19.891,0.10103
18.34,0.87296,3.668,-0.48779,-0.097558,-19.911,0.097558
18.36,0.88254,3.672,-0.47023,-0.094047,-19.931,0.094047
18.38,0.89177,3.676,-0.45249,-0.090498,-19.951,0.090498
18.4,0.90064,3.68,-0.43457,-0.086913,-19.971,0.086913
18.42,0.90915,3.684,-0.41647,-0.083293,-19.991,0.083293
18.44,0.9173,3.688,-0.3982,-0.07964,-20.011,0.07964
18.46,0.92508,3.692,-0.37978,-0.075956,-20.031,0.075956
18.48,0.93249,3.696,-0.3612,-0.07224,-20.051,0.07224
18.5,0.93952,3.7,-0.34248,-0.068496,-20.071,0.068496
18.52,0.94619,3.704,-0.32362,-0.064725,-20.091,0.064725
18.54,0.95247,3.708,-0.30464,-0.060927,-20.111,0.060927
18.56,0.95837,3.712,-0.28553,-0.057105,-20.131,0.057105
18.58,0.96389,3.716,-0.2663,-0.053261,-20.151,0.053261
18.6,0.96902,3.72,-0.24697,-0.049395,-20.171,0.049395
18.62,0.97377,3.724,-0.22755,-0.045509,-20.191,0.045509
18.64,0.97812,3.728,-0.20803,-0.041605,-20.211,0.041605
18.66,0.98209,3.732,-0.18842,-0.037685,-20.231,0.037685
18.68,0.98566,3.736,-0.16874,-0.033749,-20.251,0.033749
18.7,0.98884,3.74,-0.149,-0.0298,-20.271,0.0298
18.72,0.99162,3.744,-0.12919,-0.025839,-20.291,0.025839
18.74,0.994,3.748,-0.10934,-0.021867,-20.311,0.021867
18.76,0.99599,3.752,-0.089436,-0.017887,-20.331,0.017887
18.78,0.99758,3.756,-0.0695,-0.0139,-20.351,0.0139
18.8,0.99877,3.76,-0.049536,-0.0099071,-20.371,0.0099071
18.82,0.99956,3.764,-0.029552,-0.0059103,-20.391,0.0059103
18.84,0.99995,3.768,-0.0095558,-0.0019112,-20.411,0.0019112
18.86,0.99995,3.772,0.010444,0.0020888,-20.431,-0.0020888
18.88,0.99954,3.776,0.030439,0.0060879,-20.451,-0.0060879
18.9,0.99873,3.78,0.050423,0.010085,-20.471,-0.010085
18.92,0.99752,3.784,0.070386,0.014077,-20.491,-0.014077
18.94,0.99591,3.788,0.090321,0.018064,-20.511,-0.018064
18.96,0.99391,3.792,0.11022,0.022044,-20.531,-0.022044
18.98,0.9915,3.796,0.13007,0.026015,-20.551,-0.026015
19,0.9887,3.8,0.14988,0.029975,-20.571,-0.029975
19.02,0.98551,3.804,0.16962,0.033924,-20.591,-0.033924
19.04,0.98192,3.808,0.18929,0.037859,-20.611,-0.037859
19.06,0.97794,3.812,0.20889,0.041779,-20.631,-0.041779
19.08,0.97357,3.816,0.22841,0.045682,-20.651,-0.045682
19.1,0.9688,3.82,0.24783,0.049567,-20.671,-0.049567
19.12,0.96365,3.824,0.26716,0.053432,-20.691,-0.053432
19.14,0.95812,3.828,0.28638,0.057276,-20.711,-0.057276
19.16,0.9522,3.832,0.30548,0.061096,-20.731,-0.061096
19.18,0.9459,3.836,0.32446,0.064893,-20.751,-0.064893
19.2,0.93922,3.84,0.34331,0.068663,-20.771,-0.068663
19.22,0.93217,3.844,0.36203,0.072406,-20.791,-0.072406
19.24,0.92474,3.848,0.3806,0.07612,-20.811,-0.07612
19.26,0.91694,3.852,0.39902,0.079803,-20.831,-0.079803
19.28,0.90878,3.856,0.41727,0.083455,-20.851,-0.083455
19.3,0.90025,3.86,0.43537,0.087073,-20.871,-0.087073
19.32,0.89137,3.864,0.45328,0.090656,-20.891,-0.090656
19.34,0.88212,3.868,0.47102,0.094204,-20.911,-0.094204
19.36,0.87253,3.872,0.48856,0.097713,-20.931,-0.097713
19.38,0.86258,3.876,0.50592,0.10118,-20.951,-0.10118
19.4,0.85229,3.88,0.52307,0.10461,-20.971,-0.10461
19.42,0.84166,3.884,0.54001,0.108,-20.991,-0.108
19.44,0.83069,3.888,0.55673,0.11135,-21.011,-0.11135
19.46,0.81939,3.892,0.57323,0.11465,-21.031,-0.11465
19.48,0.80777,3.896,0.5895,0.1179,-21.051,-0.1179
19.5,0.79581,3.9,0.60554,0.12111,-21.071,-0.12111
19.52,0.78355,3.904,0.62133,0.12427,-21.091,-0.12427
19.54,0.77096,3.908,0.63688,0.12738,-21.111,-0.12738
19.56,0.75807,3.912,0.65217,0.13043,-21.131,-0.13043
19.58,0.74488,3.916,0.6672,0.13344,-21.151,-0.13344
19.6,0.73139,3.92,0.68196,0.13639,-21.171,-0.13639
19.62,0.7176,3.924,0.69645,0.13929,-21.191,-0.13929
19.64,0.70353,3.928,0.71067,0.14213,-21.211,-0.14213
19.66,0.68918,3.932,0.72459,0.14492,-21.231,-0.14492
19.68,0.67455,3.936,0.73823,0.14765,-21.251,-0.14765
19.7,0.65965,3.94,0.75157,0.15031,-21.271,-0.15031
19.72,0.64449,3.944,0.76462,0.15292,-21.291,-0.15292
19.74,0.62907,3.948,0.77735,0.15547,-21.311,-0.15547
19.76,0.6134,3.952,0.78978,0.15796,-21.331,-0.15796
19.78,0.59748,3.956,0.80189,0.16038,-21.351,-0.16038
19.8,0.58132,3.96,0.81367,0.16273,-21.371,-0.16273
19.82,0.56493,3.964,0.82514,0.16503,-21.391,-0.16503
19.84,0.54832,3.968,0.83627,0.16725,-21.411,-0.16725
19.86,0.53148,3.972,0.84707,0.16941,-21.431,-0.16941
19.88,0.51444,3.976,0.85753,0.17151,-21.451,-0.17151
19.9,0.49719,3.98,0.86764,0.17353,-21.471,-0.17353
19.92,0.47973,3.984,0.87741,0.17548,-21.491,-0.17548
19.94,0.46209,3.988,0.88683,0.17737,-21.511,-0.17737
19.96,0.44426,3.992,0.8959,0.17918,-21.531,-0.17918
19.98,0.42626,3.996,0.9046,0.18092,-21.551,-0.18092
20,0.40808,4,0.91295,0.18259,-21.571,-0.18259
20.02,0.38974,4.004,0.92092,0.18418,-21.591,-0.18418
20.04,0.37125,4.008,0.92853,0.18571,-21.611,-0.18571
20.06,0.3526,4.012,0.93577,0.18715,-21.631,-0.18715
20.08,0.33382,4.016,0.94264,0.18853,-21.651,-0.18853
20.1,0.3149,4.02,0.94912,0.18982,-21.671,-0.18982
20.12,0.29586,4.024,0.95523,0.19105,-21.691,-0.19105
20.14,0.27669,4.028,0.96096,0.19219,-21.711,-0.19219
20.16,0.25742,4.032,0.9663,0.19326,-21.731,-0.19326
20.18,0.23804,4.036,0.97125,0.19425,-21.751,-0.19425
20.2,0.21857,4.04,0.97582,0.19516,-21.771,-0.19516
20.22,0.19901,4.044,0.98,0.196,-21.791,-0.196
20.24,0.17938,4.048,0.98378,0.19676,-21.811,-0.19676
20.26,0.15967,4.052,0.98717,0.19743,-21.831,-0.19743
20.28,0.13989,4.056,0.99017,0.19803,-21.851,-0.19803
20.3,0.12006,4.06,0.99277,0.19855,-21.871,-0.19855
20.32,0.10018,4.064,0.99497,0.19899,-21.891,-0.19899
20.34,0.080266,4.068,0.99677,0.19935,-21.911,-0.19935
20.36,0.060316,4.072,0.99818,0.19964,-21.931,-0.19964
20.38,0.040341,4.076,0.99919,0.19984,-21.951,-0.19984
20.4,0.020351,4.08,0.99979,0.19996,-21.971,-0.19996
20.42,0.00035225,4.084,1,0.2,-21.991,-0.2
20.44,-0.019646,4.088,0.99981,0.19996,-22.011,-0.19996
20.46,-0.039637,4.092,0.99921,0.19984,-22.031,-0.19984
20.48,-0.059612,4.096,0.99822,0.19964,-22.051,-0.19964
20.5,-0.079564,4.1,0.99683,0.19937,-22.071,-0.19937
20.52,-0.099483,4.104,0.99504,0.19901,-22.091,-0.19901
20.54,-0.11936,4.108,0.99285,0.19857,-22.111,-0.19857
20.56,-0.13919,4.112,0.99027,0.19805,-22.131,-0.19805
20.58,-0.15897,4.116,0.98728,0.19746,-22.151,-0.19746
20.6,-0.17868,4.12,0.98391,0.19678,-22.171,-0.19678
20.62,-0.19832,4.124,0.98014,0.19603,-22.191,-0.19603
20.64,-0.21789,4.128,0.97597,0.19519,-22.211,-0.19519
20.66,-0.23736,4.132,0.97142,0.19428,-22.231,-0.19428
20.68,-0.25674,4.136,0.96648,0.1933,-22.251,-0.1933
20.7,-0.27602,4.14,0.96115,0.19223,-22.271,-0.19223
20.72,-0.29518,4.144,0.95544,0.19109,-22.291,-0.19109
20.74,-0.31423,4.148,0.94935,0.18987,-22.311,-0.18987
20.76,-0.33315,4.152,0.94287,0.18857,-22.331,-0.18857
20.78,-0.35194,4.156,0.93602,0.1872,-22.351,-0.1872
20.8,-0.37059,4.16,0.9288,0.18576,-22.371,-0.18576
20.82,-0.38909,4.164,0.9212,0.18424,-22.391,-0.18424
20.84,-0.40744,4.168,0.91323,0.18265,-22.411,-0.18265
20.86,-0.42562,4.172,0.9049,0.18098,-22.431,-0.18098
20.88,-0.44363,4.176,0.89621,0.17924,-22.451,-0.17924
20.9,-0.46147,4.18,0.88716,0.17743,-22.471,-0.17743
20.92,-0.47912,4.184,0.87775,0.17555,-22.491,-0.17555
20.94,-0.49657,4.188,0.86799,0.1736,-22.511,-0.1736
20.96,-0.51383,4.192,0.85789,0.17158,-22.531,-0.17158
20.98,-0.53089,4.196,0.84744,0.16949,-22.551,-0.16949
21,-0.54773,4.2,0.83666,0.16733,-22.571,-0.16733
21.02,-0.56435,4.204,0.82553,0.16511,-22.591,-0.16511
21.04,-0.58075,4.208,0.81408,0.16282,-22.611,-0.16282
21.06,-0.59691,4.212,0.80231,0.16046,-22.631,-0.16046
21.08,-0.61284,4.216,0.79021,0.15804,-22.651,-0.15804
21.1,-0.62852,4.22,0.77779,0.15556,-22.671,-0.15556
21.12,-0.64395,4.224,0.76507,0.15301,-22.691,-0.15301
21.14,-0.65912,4.228,0.75204,0.15041,-22.711,-0.15041
21.16,-0.67403,4.232,0.73871,0.14774,-22.731,-0.14774
21.18,-0.68867,4.236,0.72508,0.14502,-22.751,-0.14502
21.2,-0.70303,4.24,0.71116,0.14223,-22.771,-0.14223
21.22,-0.71711,4.244,0.69696,0.13939,-22.791,-0.13939
21.24,-0.73091,4.248,0.68248,0.1365,-22.811,-0.1365
21.26,-0.74441,4.252,0.66773,0.13355,-22.831,-0.13355
21.28,-0.75761,4.256,0.6527,0.13054,-22.851,-0.13054
21.3,-0.77051,4.26,0.63742,0.12748,-22.871,-0.12748
21.32,-0.78311,4.264,0.62189,0.12438,-22.891,-0.12438
21.34,-0.79539,4.268,0.6061,0.12122,-22.911,-0.12122
21.36,-0.80735,4.272,0.59007,0.11801,-22.931,-0.11801
21.38,-0.81899,4.276,0.57381,0.11476,-22.951,-0.11476
21.4,-0.8303,4.28,0.55732,0.11146,-22.971,-0.11146
21.42,-0.84128,4.284,0.5406,0.10812,-22.991,-0.10812
21.44,-0.85192,4.288,0.52367,0.10473,-23.011,-0.10473
21.46,-0.86223,4.292,0.50652,0.1013,-23.031,-0.1013
21.48,-0.87218,4.296,0.48918,0.097836,-23.051,-0.097836
21.5,-0.88179,4.3,0.47164,0.094328,-23.071,-0.094328
21.52,-0.89105,4.304,0.45391,0.090782,-23.091,-0.090782
21.54,-0.89995,4.308,0.436,0.0872,-23.111,-0.0872
21.56,-0.90849,4.312,0.41791,0.083583,-23.131,-0.083583
21.58,-0.91666,4.316,0.39966,0.079932,-23.151,-0.079932
21.6,-0.92447,4.32,0.38125,0.07625,-23.171,-0.07625
21.62,-0.93191,4.324,0.36269,0.072537,-23.191,-0.072537
21.64,-0.93898,4.328,0.34398,0.068795,-23.211,-0.068795
21.66,-0.94567,4.332,0.32513,0.065026,-23.231,-0.065026
21.68,-0.95198,4.336,0.30615,0.06123,-23.251,-0.06123
21.7,-0.95791,4.34,0.28705,0.057411,-23.271,-0.057411
21.72,-0.96346,4.344,0.26784,0.053568,-23.291,-0.053568
21.74,-0.96863,4.348,0.24852,0.049703,-23.311,-0.049703
21.76,-0.9734,4.352,0.2291,0.045819,-23.331,-0.045819
21.78,-0.97779,4.356,0.20958,0.041917,-23.351,-0.041917
21.8,-0.98179,4.36,0.18999,0.037997,-23.371,-0.037997
21.82,-0.98539,4.364,0.17031,0.034063,-23.391,-0.034063
21.84,-0.9886,4.368,0.15057,0.030115,-23.411,-0.030115
21.86,-0.99141,4.372,0.13077,0.026155,-23.431,-0.026155
21.88,-0.99383,4.376,0.11092,0.022184,-23.451,-0.022184
21.9,-0.99585,4.38,0.091022,0.018204,-23.471,-0.018204
21.92,-0.99747,4.384,0.071089,0.014218,-23.491,-0.014218
21.94,-0.99869,4.388,0.051126,0.010225,-23.511,-0.010225
21.96,-0.99951,4.392,0.031144,0.0062287,-23.531,-0.0062287
21.98,-0.99994,4.396,0.011148,0.0022297,-23.551,-0.0022297
22,-0.99996,4.4,-0.0088513,-0.0017703,-23.571,0.0017703
22.02,-0.99958,4.404,-0.028847,-0.0057695,-23.591,0.0057695
22.04,-0.99881,4.408,-0.048832,-0.0097664,-23.611,0.0097664
22.06,-0.99763,4.412,-0.068797,-0.013759,-23.631,0.013759
22.08,-0.99606,4.416,-0.088735,-0.017747,-23.651,0.017747
22.1,-0.99408,4.42,-0.10864,-0.021727,-23.671,0.021727
22.12,-0.99171,4.424,-0.1285,-0.025699,-23.691,0.025699
22.14,-0.98894,4.428,-0.1483,-0.02966,-23.711,0.02966
22.16,-0.98578,4.432,-0.16805,-0.03361,-23.731,0.03361
22.18,-0.98222,4.436,-0.18773,-0.037546,-23.751,0.037546
22.2,-0.97827,4.44,-0.20734,-0.041467,-23.771,0.041467
22.22,-0.97393,4.444,-0.22686,-0.045372,-23.791,0.045372
22.24,-0.9692,4.448,-0.24629,-0.049258,-23.811,0.049258
22.26,-0.96408,4.452,-0.26562,-0.053125,-23.831,0.053125
22.28,-0.95857,4.456,-0.28485,-0.05697,-23.851,0.05697
22.3,-0.95268,4.46,-0.30396,-0.060793,-23.871,0.060793
22.32,-0.94641,4.464,-0.32296,-0.064591,-23.891,0.064591
22.34,-0.93977,4.468,-0.34182,-0.068364,-23.911,0.068364
22.36,-0.93274,4.472,-0.36054,-0.072109,-23.931,0.072109
22.38,-0.92535,4.476,-0.37913,-0.075825,-23.951,0.075825
22.4,-0.91758,4.48,-0.39756,-0.079511,-23.971,0.079511
22.42,-0.90944,4.484,-0.41583,-0.083165,-23.991,0.083165
22.44,-0.90095,4.488,-0.43393,-0.086786,-24.011,0.086786
22.46,-0.89209,4.492,-0.45186,-0.090372,-24.031,0.090372
22.48,-0.88287,4.496,-0.46961,-0.093922,-24.051,0.093922
22.5,-0.8733,4.5,-0.48717,-0.097435,-24.071,0.097435
22.52,-0.86339,4.504,-0.50454,-0.10091,-24.091,0.10091
22.54,-0.85312,4.508,-0.52171,-0.10434,-24.111,0.10434
22.56,-0.84252,4.512,-0.53866,-0.10773,-24.131,0.10773
22.58,-0.83158,4.516,-0.55541,-0.11108,-24.151,0.11108
22.6,-0.82031,4.52,-0.57193,-0.11439,-24.171,0.11439
22.62,-0.8087,4.524,-0.58822,-0.11764,-24.191,0.11764
22.64,-0.79678,4.528,-0.60427,-0.12085,-24.211,0.12085
22.66,-0.78453,4.532,-0.62009,-0.12402,-24.231,0.12402
22.68,-0.77198,4.536,-0.63565,-0.12713,-24.251,0.12713
22.7,-0.75911,4.54,-0.65096,-0.13019,-24.271,0.13019
22.72,-0.74594,4.544,-0.66601,-0.1332,-24.291,0.1332
22.74,-0.73247,4.548,-0.6808,-0.13616,-24.311,0.13616
22.76,-0.71871,4.552,-0.69531,-0.13906,-24.331,0.13906
22.78,-0.70466,4.556,-0.70954,-0.14191,-24.351,0.14191
22.8,-0.69033,4.56,-0.72349,-0.1447,-24.371,0.1447
22.82,-0.67572,4.564,-0.73716,-0.14743,-24.391,0.14743
22.84,-0.66085,4.568,-0.75052,-0.1501,-24.411,0.1501
22.86,-0.6457,4.572,-0.76359,-0.15272,-24.431,0.15272
22.88,-0.6303,4.576,-0.77635,-0.15527,-24.451,0.15527
22.9,-0.61465,4.58,-0.7888,-0.15776,-24.471,0.15776
22.92,-0.59875,4.584,-0.80093,-0.16019,-24.491,0.16019
22.94,-0.58262,4.588,-0.81275,-0.16255,-24.511,0.16255
22.96,-0.56625,4.592,-0.82424,-0.16485,-24.531,0.16485
22.98,-0.54965,4.596,-0.8354,-0.16708,-24.551,0.16708
23,-0.53283,4.6,-0.84622,-0.16924,-24.571,0.16924
23.02,-0.5158,4.604,-0.85671,-0.17134,-24.591,0.17134
23.04,-0.49857,4.608,-0.86685,-0.17337,-24.611,0.17337
23.06,-0.48113,4.612,-0.87665,-0.17533,-24.631,0.17533
23.08,-0.4635,4.616,-0.8861,-0.17722,-24.651,0.17722
23.1,-0.44569,4.62,-0.89519,-0.17904,-24.671,0.17904
23.12,-0.4277,4.624,-0.90392,-0.18078,-24.691,0.18078
23.14,-0.40954,4.628,-0.91229,-0.18246,-24.711,0.18246
23.16,-0.39121,4.632,-0.9203,-0.18406,-24.731,0.18406
23.18,-0.37273,4.636,-0.92794,-0.18559,-24.751,0.18559
23.2,-0.35409,4.64,-0.93521,-0.18704,-24.771,0.18704
23.22,-0.33532,4.644,-0.9421,-0.18842,-24.791,0.18842
23.24,-0.31641,4.648,-0.94862,-0.18972,-24.811,0.18972
23.26,-0.29738,4.652,-0.95476,-0.19095,-24.831,0.19095
23.28,-0.27822,4.656,-0.96052,-0.1921,-24.851,0.1921
23.3,-0.25896,4.66,-0.96589,-0.19318,-24.871,0.19318
23.32,-0.23959,4.664,-0.97087,-0.19417,-24.891,0.19417
23.34,-0.22013,4.668,-0.97547,-0.19509,-24.911,0.19509
23.36,-0.20058,4.672,-0.97968,-0.19594,-24.931,0.19594
23.38,-0.18094,4.676,-0.98349,-0.1967,-24.951,0.1967
23.4,-0.16124,4.68,-0.98692,-0.19738,-24.971,0.19738
23.42,-0.14147,4.684,-0.98994,-0.19799,-24.991,0.19799
23.44,-0.12164,4.688,-0.99257,-0.19851,-25.011,0.19851
23.46,-0.10177,4.692,-0.99481,-0.19896,-25.031,0.19896
23.48,-0.081853,4.696,-0.99664,-0.19933,-25.051,0.19933
23.5,-0.061905,4.7,-0.99808,-0.19962,-25.071,0.19962
23.52,-0.041933,4.704,-0.99912,-0.19982,-25.091,0.19982
23.54,-0.021943,4.708,-0.99976,-0.19995,-25.111,0.19995
23.56,-0.0019449,4.712,-1,-0.2,-25.131,0.2
23.58,0.018054,4.716,-0.99984,-0.19997,-25.151,0.19997
23.6,0.038046,4.72,-0.99928,-0.19986,-25.171,0.19986
23.62,0.058022,4.724,-0.99832,-0.19966,-25.191,0.19966
23.64,0.077976,4.728,-0.99696,-0.19939,-25.211,0.19939
23.66,0.097898,4.732,-0.9952,-0.19904,-25.231,0.19904
23.68,0.11778,4.736,-0.99304,-0.19861,-25.251,0.19861
23.7,0.13762,4.74,-0.99049,-0.1981,-25.271,0.1981
23.72,0.1574,4.744,-0.98754,-0.19751,-25.291,0.19751
23.74,0.17712,4.748,-0.98419,-0.19684,-25.311,0.19684
23.76,0.19676,4.752,-0.98045,-0.19609,-25.331,0.19609
23.78,0.21633,4.756,-0.97632,-0.19526,-25.351,0.19526
23.8,0.23581,4.76,-0.9718,-0.19436,-25.371,0.19436
23.82,0.2552,4.764,-0.96689,-0.19338,-25.391,0.19338
23.84,0.27449,4.768,-0.96159,-0.19232,-25.411,0.19232
23.86,0.29366,4.772,-0.95591,-0.19118,-25.431,0.19118
23.88,0.31272,4.776,-0.94985,-0.18997,-25.451,0.18997
23.9,0.33165,4.78,-0.9434,-0.18868,-25.471,0.18868
23.92,0.35045,4.784,-0.93658,-0.18732,-25.491,0.18732
23.94,0.36911,4.788,-0.92938,-0.18588,-25.511,0.18588
23.96,0.38763,4.792,-0.92182,-0.18436,-25.531,0.18436
23.98,0.40598,4.796,-0.91388,-0.18278,-25.551,0.18278
24,0.42418,4.8,-0.90558,-0.18112,-25.571,0.18112
24.02,0.4422,4.804,-0.89691,-0.17938,-25.591,0.17938
24.04,0.46005,4.808,-0.88789,-0.17758,-25.611,0.17758
24.06,0.47772,4.812,-0.87851,-0.1757,-25.631,0.1757
24.08,0.49519,4.816,-0.86878,-0.17376,-25.651,0.17376
24.1,0.51247,4.82,-0.85871,-0.17174,-25.671,0.17174
24.12,0.52954,4.824,-0.84829,-0.16966,-25.691,0.16966
24.14,0.5464,4.828,-0.83753,-0.16751,-25.711,0.16751
24.16,0.56304,4.832,-0.82643,-0.16529,-25.731,0.16529
24.18,0.57945,4.836,-0.81501,-0.163,-25.751,0.163
24.2,0.59563,4.84,-0.80326,-0.16065,-25.771,0.16065
24.22,0.61158,4.844,-0.79118,-0.15824,-25.791,0.15824
24.24,0.62728,4.848,-0.77879,-0.15576,-25.811,0.15576
24.26,0.64273,4.852,-0.76609,-0.15322,-25.831,0.15322
24.28,0.65792,4.856,-0.75309,-0.15062,-25.851,0.15062
24.3,0.67285,4.86,-0.73978,-0.14796,-25.871,0.14796
24.32,0.68751,4.864,-0.72617,-0.14523,-25.891,0.14523
24.34,0.7019,4.868,-0.71228,-0.14246,-25.911,0.14246
24.36,0.716,4.872,-0.6981,-0.13962,-25.931,0.13962
24.38,0.72982,4.876,-0.68364,-0.13673,-25.951,0.13673
24.4,0.74334,4.88,-0.66891,-0.13378,-25.971,0.13378
24.42,0.75657,4.884,-0.65391,-0.13078,-25.991,0.13078
24.44,0.7695,4.888,-0.63865,-0.12773,-26.011,0.12773
24.46,0.78212,4.892,-0.62313,-0.12463,-26.031,0.12463
24.48,0.79442,4.896,-0.60737,-0.12147,-26.051,0.12147
24.5,0.80641,4.9,-0.59136,-0.11827,-26.071,0.11827
24.52,0.81807,4.904,-0.57511,-0.11502,-26.091,0.11502
24.54,0.82941,4.908,-0.55864,-0.11173,-26.111,0.11173
24.56,0.84042,4.912,-0.54194,-0.10839,-26.131,0.10839
24.58,0.85109,4.916,-0.52502,-0.105,-26.151,0.105
24.6,0.86142,4.92,-0.5079,-0.10158,-26.171,0.10158
24.62,0.8714,4.924,-0.49057,-0.098114,-26.191,0.098114
24.64,0.88104,4.928,-0.47304,-0.094609,-26.211,0.094609
24.66,0.89032,4.932,-0.45533,-0.091066,-26.231,0.091066
24.68,0.89925,4.936,-0.43743,-0.087486,-26.251,0.087486
24.7,0.90782,4.94,-0.41936,-0.083872,-26.271,0.083872
24.72,0.91602,4.944,-0.40112,-0.080224,-26.291,0.080224
24.74,0.92386,4.948,-0.38272,-0.076544,-26.311,0.076544
24.76,0.93133,4.952,-0.36417,-0.072834,-26.331,0.072834
24.78,0.93843,4.956,-0.34547,-0.069094,-26.351,0.069094
24.8,0.94515,4.96,-0.32664,-0.065327,-26.371,0.065327
24.82,0.95149,4.964,-0.30767,-0.061534,-26.391,0.061534
24.84,0.95746,4.968,-0.28858,-0.057716,-26.411,0.057716
24.86,0.96304,4.972,-0.26937,-0.053874,-26.431,0.053874
24.88,0.96823,4.976,-0.25006,-0.050012,-26.451,0.050012
24.9,0.97304,4.98,-0.23065,-0.046129,-26.471,0.046129
24.92,0.97746,4.984,-0.21114,-0.042228,-26.491,0.042228
24.94,0.98148,4.988,-0.19155,-0.03831,-26.511,0.03831
24.96,0.98512,4.992,-0.17188,-0.034377,-26.531,0.034377
24.98,0.98836,4.996,-0.15215,-0.03043,-26.551,0.03043
25,0.9912,5,-0.13235,-0.02647,-26.571,0.02647
25.02,0.99365,5.004,-0.1125,-0.022501,-26.591,0.022501
25.04,0.9957,5.008,-0.092608,-0.018522,-26.611,0.018522
25.06,0.99736,5.012,-0.072677,-0.014535,-26.631,0.014535
25.08,0.99861,5.016,-0.052717,-0.010543,-26.651,0.010543
25.1,0.99946,5.02,-0.032735,-0.0065471,-26.671,0.0065471
25.12,0.99992,5.024,-0.012741,-0.0025482,-26.691,0.0025482
