0,-0,0.2,1
0.02,-0.019999,0.2,0.9998
0.04,-0.039989,0.2,0.9992
0.06,-0.059964,0.2,0.9982
0.08,-0.079915,0.2,0.9968
0.1,-0.099833,0.2,0.995
0.12,-0.11971,0.2,0.99281
0.14,-0.13954,0.2,0.99022
0.16,-0.15932,0.2,0.98723
0.18,-0.17903,0.2,0.98384
0.2,-0.19867,0.2,0.98007
0.22,-0.21823,0.2,0.9759
0.24,-0.2377,0.2,0.97134
0.26,-0.25708,0.2,0.96639
0.28,-0.27636,0.2,0.96106
0.3,-0.29552,0.2,0.95534
0.32,-0.31457,0.2,0.94924
0.34,-0.33349,0.2,0.94275
0.36,-0.35227,0.2,0.9359
0.38,-0.37092,0.2,0.92866
0.4,-0.38942,0.2,0.92106
0.42,-0.40776,0.2,0.91309
0.44,-0.42594,0.2,0.90475
0.46,-0.44395,0.2,0.89605
0.48,-0.46178,0.2,0.88699
0.5,-0.47943,0.2,0.87758
0.52,-0.49688,0.2,0.86782
0.54,-0.51414,0.2,0.85771
0.56,-0.53119,0.2,0.84726
0.58,-0.54802,0.2,0.83646
0.6,-0.56464,0.2,0.82534
0.62,-0.58104,0.2,0.81388
0.64,-0.5972,0.2,0.8021
0.66,-0.61312,0.2,0.78999
0.68,-0.62879,0.2,0.77757
0.7,-0.64422,0.2,0.76484
0.72,-0.65938,0.2,0.75181
0.74,-0.67429,0.2,0.73847
0.76,-0.68892,0.2,0.72484
0.78,-0.70328,0.2,0.71091
0.8,-0.71736,0.2,0.69671
0.82,-0.73115,0.2,0.68222
0.84,-0.74464,0.2,0.66746
0.86,-0.75784,0.2,0.65244
0.88,-0.77074,0.2,0.63715
0.9,-0.78333,0.2,0.62161
0.92,-0.7956,0.2,0.60582
0.94,-0.80756,0.2,0.58979
0.96,-0.81919,0.2,0.57352
0.98,-0.8305,0.2,0.55702
1,-0.84147,0.2,0.5403
1.02,-0.85211,0.2,0.52337
1.04,-0.8624,0.2,0.50622
1.06,-0.87236,0.2,0.48887
1.08,-0.88196,0.2,0.47133
1.1,-0.89121,0.2,0.4536
1.12,-0.9001,0.2,0.43568
1.14,-0.90863,0.2,0.41759
1.16,-0.9168,0.2,0.39934
1.18,-0.92461,0.2,0.38092
1.2,-0.93204,0.2,0.36236
1.22,-0.9391,0.2,0.34365
1.24,-0.94578,0.2,0.3248
1.26,-0.95209,0.2,0.30582
1.28,-0.95802,0.2,0.28672
1.3,-0.96356,0.2,0.2675
1.32,-0.96872,0.2,0.24818
1.34,-0.97348,0.2,0.22875
1.36,-0.97786,0.2,0.20924
1.38,-0.98185,0.2,0.18964
1.4,-0.98545,0.2,0.16997
1.42,-0.98865,0.2,0.15023
1.44,-0.99146,0.2,0.13042
1.46,-0.99387,0.2,0.11057
1.48,-0.99588,0.2,0.090672
1.5,-0.99749,0.2,0.070737
1.52,-0.99871,0.2,0.050774
1.54,-0.99953,0.2,0.030791
1.56,-0.99994,0.2,0.010796
1.58,-0.99996,0.2,-0.0092035
1.6,-0.99957,0.2,-0.0292
1.62,-0.99879,0.2,-0.049184
1.64,-0.99761,0.2,-0.069148
1.66,-0.99602,0.2,-0.089085
1.68,-0.99404,0.2,-0.10899
1.7,-0.99166,0.2,-0.12884
1.72,-0.98889,0.2,-0.14865
1.74,-0.98572,0.2,-0.1684
1.76,-0.98215,0.2,-0.18808
1.78,-0.9782,0.2,-0.20768
1.8,-0.97385,0.2,-0.2272
1.82,-0.96911,0.2,-0.24663
1.84,-0.96398,0.2,-0.26596
1.86,-0.95847,0.2,-0.28519
1.88,-0.95258,0.2,-0.3043
1.9,-0.9463,0.2,-0.32329
1.92,-0.93965,0.2,-0.34215
1.94,-0.93262,0.2,-0.36087
1.96,-0.92521,0.2,-0.37945
1.98,-0.91744,0.2,-0.39788
2,-0.9093,0.2,-0.41615
2.02,-0.90079,0.2,-0.43425
2.04,-0.89193,0.2,-0.45218
2.06,-0.88271,0.2,-0.46992
2.08,-0.87313,0.2,-0.48748
2.1,-0.86321,0.2,-0.50485
2.12,-0.85294,0.2,-0.52201
2.14,-0.84233,0.2,-0.53896
2.16,-0.83138,0.2,-0.5557
2.18,-0.8201,0.2,-0.57221
2.2,-0.8085,0.2,-0.5885
2.22,-0.79657,0.2,-0.60455
2.24,-0.78432,0.2,-0.62036
2.26,-0.77175,0.2,-0.63592
2.28,-0.75888,0.2,-0.65123
2.3,-0.74571,0.2,-0.66628
2.32,-0.73223,0.2,-0.68106
2.34,-0.71846,0.2,-0.69556
2.36,-0.70441,0.2,-0.70979
2.38,-0.69007,0.2,-0.72374
2.4,-0.67546,0.2,-0.73739
2.42,-0.66058,0.2,-0.75075
2.44,-0.64543,0.2,-0.76382
2.46,-0.63003,0.2,-0.77657
2.48,-0.61437,0.2,-0.78901
2.5,-0.59847,0.2,-0.80114
2.52,-0.58233,0.2,-0.81295
2.54,-0.56596,0.2,-0.82444
2.56,-0.54936,0.2,-0.83559
2.58,-0.53253,0.2,-0.84641
2.6,-0.5155,0.2,-0.85689
2.62,-0.49826,0.2,-0.86703
2.64,-0.48082,0.2,-0.87682
2.66,-0.46319,0.2,-0.88626
2.68,-0.44537,0.2,-0.89534
2.7,-0.42738,0.2,-0.90407
2.72,-0.40921,0.2,-0.91244
2.74,-0.39088,0.2,-0.92044
2.76,-0.3724,0.2,-0.92807
2.78,-0.35376,0.2,-0.93533
2.8,-0.33499,0.2,-0.94222
2.82,-0.31608,0.2,-0.94873
2.84,-0.29704,0.2,-0.95486
2.86,-0.27789,0.2,-0.96061
2.88,-0.25862,0.2,-0.96598
2.9,-0.23925,0.2,-0.97096
2.92,-0.21978,0.2,-0.97555
2.94,-0.20023,0.2,-0.97975
2.96,-0.1806,0.2,-0.98356
2.98,-0.16089,0.2,-0.98697
3,-0.14112,0.2,-0.98999
3.02,-0.12129,0.2,-0.99262
3.04,-0.10142,0.2,-0.99484
3.06,-0.081502,0.2,-0.99667
3.08,-0.061554,0.2,-0.9981
3.1,-0.041581,0.2,-0.99914
3.12,-0.021591,0.2,-0.99977
3.14,-0.0015927,0.2,-1
3.16,0.018406,0.2,-0.99983
3.18,0.038398,0.2,-0.99926
3.2,0.058374,0.2,-0.99829
3.22,0.078327,0.2,-0.99693
3.24,0.098249,0.2,-0.99516
3.26,0.11813,0.2,-0.993
3.28,0.13797,0.2,-0.99044
3.3,0.15775,0.2,-0.98748
3.32,0.17746,0.2,-0.98413
3.34,0.19711,0.2,-0.98038
3.36,0.21668,0.2,-0.97624
3.38,0.23616,0.2,-0.97172
3.4,0.25554,0.2,-0.9668
3.42,0.27482,0.2,-0.96149
3.44,0.294,0.2,-0.95581
3.46,0.31305,0.2,-0.94974
3.48,0.33199,0.2,-0.94328
3.5,0.35078,0.2,-0.93646
3.52,0.36944,0.2,-0.92925
3.54,0.38795,0.2,-0.92168
3.56,0.40631,0.2,-0.91374
3.58,0.4245,0.2,-0.90543
3.6,0.44252,0.2,-0.89676
3.62,0.46037,0.2,-0.88773
3.64,0.47803,0.2,-0.87835
3.66,0.4955,0.2,-0.86861
3.68,0.51277,0.2,-0.85853
3.7,0.52984,0.2,-0.8481
3.72,0.54669,0.2,-0.83733
3.74,0.56333,0.2,-0.82623
3.76,0.57974,0.2,-0.8148
3.78,0.59592,0.2,-0.80305
3.8,0.61186,0.2,-0.79097
3.82,0.62755,0.2,-0.77857
3.84,0.643,0.2,-0.76587
3.86,0.65819,0.2,-0.75285
3.88,0.67311,0.2,-0.73954
3.9,0.68777,0.2,-0.72593
3.92,0.70215,0.2,-0.71203
3.94,0.71625,0.2,-0.69785
3.96,0.73006,0.2,-0.68338
3.98,0.74358,0.2,-0.66865
4,0.7568,0.2,-0.65364
4.02,0.76972,0.2,-0.63838
4.04,0.78234,0.2,-0.62286
4.06,0.79464,0.2,-0.60709
4.08,0.80662,0.2,-0.59107
4.1,0.81828,0.2,-0.57482
4.12,0.82961,0.2,-0.55834
4.14,0.84061,0.2,-0.54164
4.16,0.85127,0.2,-0.52472
4.18,0.8616,0.2,-0.50759
4.2,0.87158,0.2,-0.49026
4.22,0.88121,0.2,-0.47273
4.24,0.89048,0.2,-0.45501
4.26,0.89941,0.2,-0.43712
4.28,0.90797,0.2,-0.41904
4.3,0.91617,0.2,-0.4008
4.32,0.924,0.2,-0.3824
4.34,0.93146,0.2,-0.36384
4.36,0.93855,0.2,-0.34514
4.38,0.94527,0.2,-0.3263
4.4,0.9516,0.2,-0.30733
4.42,0.95756,0.2,-0.28824
4.44,0.96313,0.2,-0.26903
4.46,0.96832,0.2,-0.24972
4.48,0.97312,0.2,-0.2303
4.5,0.97753,0.2,-0.2108
4.52,0.98155,0.2,-0.1912
4.54,0.98518,0.2,-0.17154
4.56,0.98841,0.2,-0.1518
4.58,0.99125,0.2,-0.132
4.6,0.99369,0.2,-0.11215
4.62,0.99574,0.2,-0.092258
4.64,0.99738,0.2,-0.072326
4.66,0.99863,0.2,-0.052365
4.68,0.99948,0.2,-0.032383
4.7,0.99992,0.2,-0.012389
4.72,0.99997,0.2,0.0076109
4.74,0.99962,0.2,0.027608
4.76,0.99887,0.2,0.047593
4.78,0.99772,0.2,0.06756
4.8,0.99616,0.2,0.087499
4.82,0.99422,0.2,0.1074
4.84,0.99187,0.2,0.12726
4.86,0.98913,0.2,0.14708
4.88,0.98599,0.2,0.16683
4.9,0.98245,0.2,0.18651
4.92,0.97853,0.2,0.20612
4.94,0.97421,0.2,0.22565
4.96,0.9695,0.2,0.24509
4.98,0.96441,0.2,0.26443
5,0.95892,0.2,0.28366
5.02,0.95306,0.2,0.30278
5.04,0.94681,0.2,0.32178
5.06,0.94019,0.2,0.34065
5.08,0.93319,0.2,0.35939
5.1,0.92581,0.2,0.37798
5.12,0.91807,0.2,0.39642
5.14,0.90996,0.2,0.4147
5.16,0.90148,0.2,0.43281
5.18,0.89265,0.2,0.45076
5.2,0.88345,0.2,0.46852
5.22,0.87391,0.2,0.48609
5.24,0.86401,0.2,0.50347
5.26,0.85377,0.2,0.52065
5.28,0.84319,0.2,0.53762
5.3,0.83227,0.2,0.55437
5.32,0.82101,0.2,0.57091
5.34,0.80943,0.2,0.58721
5.36,0.79753,0.2,0.60328
5.38,0.7853,0.2,0.61911
5.4,0.77276,0.2,0.63469
5.42,0.75992,0.2,0.65002
5.44,0.74677,0.2,0.66509
5.46,0.73332,0.2,0.67989
5.48,0.71957,0.2,0.69442
5.5,0.70554,0.2,0.70867
5.52,0.69123,0.2,0.72264
5.54,0.67664,0.2,0.73632
5.56,0.66178,0.2,0.7497
5.58,0.64665,0.2,0.76279
5.6,0.63127,0.2,0.77557
5.62,0.61563,0.2,0.78804
5.64,0.59975,0.2,0.80019
5.66,0.58362,0.2,0.81202
5.68,0.56727,0.2,0.82353
5.7,0.55069,0.2,0.83471
5.72,0.53388,0.2,0.84556
5.74,0.51687,0.2,0.85607
5.76,0.49964,0.2,0.86623
5.78,0.48222,0.2,0.87605
5.8,0.4646,0.2,0.88552
5.82,0.4468,0.2,0.89463
5.84,0.42882,0.2,0.90339
5.86,0.41067,0.2,0.91179
5.88,0.39235,0.2,0.91982
5.9,0.37388,0.2,0.92748
5.92,0.35525,0.2,0.93477
5.94,0.33649,0.2,0.94169
5.96,0.31759,0.2,0.94823
5.98,0.29856,0.2,0.95439
6,0.27942,0.2,0.96017
6.02,0.26016,0.2,0.96557
6.04,0.2408,0.2,0.97058
6.06,0.22134,0.2,0.9752
6.08,0.20179,0.2,0.97943
6.1,0.18216,0.2,0.98327
6.12,0.16246,0.2,0.98671
6.14,0.1427,0.2,0.98977
6.16,0.12287,0.2,0.99242
6.18,0.103,0.2,0.99468
6.2,0.083089,0.2,0.99654
6.22,0.063143,0.2,0.998
6.24,0.043172,0.2,0.99907
6.26,0.023183,0.2,0.99973
6.28,0.0031853,0.2,0.99999
6.3,-0.016814,0.2,0.99986
6.32,-0.036806,0.2,0.99932
6.34,-0.056784,0.2,0.99839
6.36,-0.076739,0.2,0.99705
6.38,-0.096664,0.2,0.99532
6.4,-0.11655,0.2,0.99318
6.42,-0.13639,0.2,0.99066
6.44,-0.15617,0.2,0.98773
6.46,-0.17589,0.2,0.98441
6.48,-0.19555,0.2,0.98069
6.5,-0.21512,0.2,0.97659
6.52,-0.23461,0.2,0.97209
6.54,-0.254,0.2,0.9672
6.56,-0.27329,0.2,0.96193
6.58,-0.29248,0.2,0.95627
6.6,-0.31154,0.2,0.95023
6.62,-0.33048,0.2,0.94381
6.64,-0.34929,0.2,0.93701
6.66,-0.36796,0.2,0.92984
6.68,-0.38648,0.2,0.9223
6.7,-0.40485,0.2,0.91438
6.72,-0.42306,0.2,0.9061
6.74,-0.44109,0.2,0.89746
6.76,-0.45895,0.2,0.88846
6.78,-0.47663,0.2,0.87911
6.8,-0.49411,0.2,0.8694
6.82,-0.5114,0.2,0.85934
6.84,-0.52848,0.2,0.84894
6.86,-0.54536,0.2,0.8382
6.88,-0.56201,0.2,0.82713
6.9,-0.57844,0.2,0.81573
6.92,-0.59464,0.2,0.80399
6.94,-0.6106,0.2,0.79194
6.96,-0.62631,0.2,0.77957
6.98,-0.64178,0.2,0.76689
7,-0.65699,0.2,0.7539
7.02,-0.67193,0.2,0.74061
7.04,-0.68661,0.2,0.72703
7.06,-0.70101,0.2,0.71315
7.08,-0.71513,0.2,0.69899
7.1,-0.72897,0.2,0.68455
7.12,-0.74251,0.2,0.66983
7.14,-0.75576,0.2,0.65485
7.16,-0.76871,0.2,0.6396
7.18,-0.78134,0.2,0.6241
7.2,-0.79367,0.2,0.60835
7.22,-0.80568,0.2,0.59236
7.24,-0.81736,0.2,0.57613
7.26,-0.82872,0.2,0.55967
7.28,-0.83975,0.2,0.54298
7.3,-0.85044,0.2,0.52608
7.32,-0.86079,0.2,0.50896
7.34,-0.87079,0.2,0.49165
7.36,-0.88045,0.2,0.47414
7.38,-0.88976,0.2,0.45643
7.4,-0.89871,0.2,0.43855
7.42,-0.9073,0.2,0.42049
7.44,-0.91553,0.2,0.40226
7.46,-0.92339,0.2,0.38387
7.48,-0.93088,0.2,0.36532
7.5,-0.938,0.2,0.34664
7.52,-0.94474,0.2,0.32781
7.54,-0.95111,0.2,0.30885
7.56,-0.9571,0.2,0.28977
7.58,-0.9627,0.2,0.27057
7.6,-0.96792,0.2,0.25126
7.62,-0.97275,0.2,0.23185
7.64,-0.97719,0.2,0.21235
7.66,-0.98124,0.2,0.19277
7.68,-0.9849,0.2,0.17311
7.7,-0.98817,0.2,0.15337
7.72,-0.99104,0.2,0.13358
7.74,-0.99351,0.2,0.11373
7.76,-0.99559,0.2,0.093843
7.78,-0.99726,0.2,0.073914
7.8,-0.99854,0.2,0.053955
7.82,-0.99942,0.2,0.033975
7.84,-0.9999,0.2,0.013981
7.86,-0.99998,0.2,-0.0060183
7.88,-0.99966,0.2,-0.026015
7.9,-0.99894,0.2,-0.046002
7.92,-0.99782,0.2,-0.06597
7.94,-0.9963,0.2,-0.085912
7.96,-0.99439,0.2,-0.10582
7.98,-0.99207,0.2,-0.12569
8,-0.98936,0.2,-0.1455
8.02,-0.98625,0.2,-0.16526
8.04,-0.98275,0.2,-0.18495
8.06,-0.97885,0.2,-0.20456
8.08,-0.97457,0.2,-0.2241
8.1,-0.96989,0.2,-0.24354
8.12,-0.96483,0.2,-0.26289
8.14,-0.95937,0.2,-0.28213
8.16,-0.95354,0.2,-0.30126
8.18,-0.94733,0.2,-0.32027
8.2,-0.94073,0.2,-0.33915
8.22,-0.93376,0.2,-0.3579
8.24,-0.92642,0.2,-0.3765
8.26,-0.9187,0.2,-0.39495
8.28,-0.91062,0.2,-0.41325
8.3,-0.90217,0.2,-0.43138
8.32,-0.89336,0.2,-0.44933
8.34,-0.8842,0.2,-0.46711
8.36,-0.87468,0.2,-0.4847
8.38,-0.86481,0.2,-0.50209
8.4,-0.8546,0.2,-0.51929
8.42,-0.84404,0.2,-0.53628
8.44,-0.83315,0.2,-0.55305
8.46,-0.82192,0.2,-0.5696
8.48,-0.81037,0.2,-0.58592
8.5,-0.79849,0.2,-0.60201
8.52,-0.78629,0.2,-0.61786
8.54,-0.77377,0.2,-0.63346
8.56,-0.76095,0.2,-0.64881
8.58,-0.74782,0.2,-0.6639
8.6,-0.7344,0.2,-0.67872
8.62,-0.72068,0.2,-0.69327
8.64,-0.70667,0.2,-0.70755
8.66,-0.69238,0.2,-0.72154
8.68,-0.67781,0.2,-0.73524
8.7,-0.66297,0.2,-0.74865
8.72,-0.64786,0.2,-0.76176
8.74,-0.6325,0.2,-0.77456
8.76,-0.61688,0.2,-0.78705
8.78,-0.60102,0.2,-0.79923
8.8,-0.58492,0.2,-0.81109
8.82,-0.56858,0.2,-0.82263
8.84,-0.55201,0.2,-0.83383
8.86,-0.53523,0.2,-0.84471
8.88,-0.51823,0.2,-0.85524
8.9,-0.50102,0.2,-0.86544
8.92,-0.48361,0.2,-0.87528
8.94,-0.46601,0.2,-0.88478
8.96,-0.44822,0.2,-0.89392
8.98,-0.43026,0.2,-0.90271
9,-0.41212,0.2,-0.91113
9.02,-0.39381,0.2,-0.91919
9.04,-0.37535,0.2,-0.92688
9.06,-0.35674,0.2,-0.9342
9.08,-0.33799,0.2,-0.94115
9.1,-0.3191,0.2,-0.94772
9.12,-0.30008,0.2,-0.95391
9.14,-0.28094,0.2,-0.95972
9.16,-0.26169,0.2,-0.96515
9.18,-0.24234,0.2,-0.97019
9.2,-0.22289,0.2,-0.97484
9.22,-0.20335,0.2,-0.97911
9.24,-0.18373,0.2,-0.98298
9.26,-0.16403,0.2,-0.98645
9.28,-0.14427,0.2,-0.98954
9.3,-0.12445,0.2,-0.99223
9.32,-0.10459,0.2,-0.99452
9.34,-0.084676,0.2,-0.99641
9.36,-0.064733,0.2,-0.9979
9.38,-0.044763,0.2,-0.999
9.4,-0.024775,0.2,-0.99969
9.42,-0.0047779,0.2,-0.99999
9.44,0.015221,0.2,-0.99988
9.46,0.035215,0.2,-0.99938
9.48,0.055194,0.2,-0.99848
9.5,0.075151,0.2,-0.99717
9.52,0.095078,0.2,-0.99547
9.54,0.11497,0.2,-0.99337
9.56,0.13481,0.2,-0.99087
9.58,0.1546,0.2,-0.98798
9.6,0.17433,0.2,-0.98469
9.62,0.19398,0.2,-0.981
9.64,0.21356,0.2,-0.97693
9.66,0.23306,0.2,-0.97246
9.68,0.25246,0.2,-0.96761
9.7,0.27176,0.2,-0.96236
9.72,0.29095,0.2,-0.95674
9.74,0.31003,0.2,-0.95073
9.76,0.32898,0.2,-0.94434
9.78,0.3478,0.2,-0.93757
9.8,0.36648,0.2,-0.93043
9.82,0.38501,0.2,-0.92291
9.84,0.40339,0.2,-0.91503
9.86,0.42161,0.2,-0.90678
9.88,0.43966,0.2,-0.89816
9.9,0.45754,0.2,-0.88919
9.92,0.47523,0.2,-0.87986
9.94,0.49273,0.2,-0.87018
9.96,0.51003,0.2,-0.86016
9.98,0.52713,0.2,-0.84978
10,0.54402,0.2,-0.83907
10.02,0.56069,0.2,-0.82802
10.04,0.57714,0.2,-0.81665
10.06,0.59336,0.2,-0.80494
10.08,0.60934,0.2,-0.79291
10.1,0.62507,0.2,-0.78057
10.12,0.64056,0.2,-0.76791
10.14,0.65579,0.2,-0.75495
10.16,0.67075,0.2,-0.74168
10.18,0.68545,0.2,-0.72812
10.2,0.69987,0.2,-0.71427
10.22,0.71402,0.2,-0.70013
10.24,0.72788,0.2,-0.68571
10.26,0.74145,0.2,-0.67101
10.28,0.75472,0.2,-0.65605
10.3,0.76769,0.2,-0.64083
10.32,0.78035,0.2,-0.62535
10.34,0.7927,0.2,-0.60961
10.36,0.80473,0.2,-0.59364
10.38,0.81644,0.2,-0.57743
10.4,0.82783,0.2,-0.56098
10.42,0.83888,0.2,-0.54432
10.44,0.8496,0.2,-0.52743
10.46,0.85998,0.2,-0.51033
10.48,0.87001,0.2,-0.49303
10.5,0.8797,0.2,-0.47554
10.52,0.88903,0.2,-0.45785
10.54,0.89801,0.2,-0.43998
10.56,0.90663,0.2,-0.42193
10.58,0.91488,0.2,-0.40372
10.6,0.92278,0.2,-0.38534
10.62,0.9303,0.2,-0.36681
10.64,0.93745,0.2,-0.34813
10.66,0.94422,0.2,-0.32931
10.68,0.95062,0.2,-0.31036
10.7,0.95664,0.2,-0.29129
10.72,0.96227,0.2,-0.2721
10.74,0.96752,0.2,-0.2528
10.76,0.97238,0.2,-0.2334
10.78,0.97685,0.2,-0.21391
10.8,0.98094,0.2,-0.19433
10.82,0.98463,0.2,-0.17467
10.84,0.98792,0.2,-0.15495
10.86,0.99082,0.2,-0.13516
10.88,0.99333,0.2,-0.11532
10.9,0.99544,0.2,-0.095429
10.92,0.99715,0.2,-0.075502
10.94,0.99846,0.2,-0.055546
10.96,0.99937,0.2,-0.035567
10.98,0.99988,0.2,-0.015574
11,0.99999,0.2,0.0044257
11.02,0.9997,0.2,0.024423
11.04,0.99901,0.2,0.044411
11.06,0.99793,0.2,0.064381
11.08,0.99644,0.2,0.084325
11.1,0.99455,0.2,0.10424
11.12,0.99227,0.2,0.1241
11.14,0.98959,0.2,0.14392
11.16,0.98651,0.2,0.16369
11.18,0.98304,0.2,0.18338
11.2,0.97918,0.2,0.203
11.22,0.97492,0.2,0.22255
11.24,0.97028,0.2,0.242
11.26,0.96524,0.2,0.26135
11.28,0.95982,0.2,0.28061
11.3,0.95402,0.2,0.29975
11.32,0.94783,0.2,0.31876
11.34,0.94127,0.2,0.33766
11.36,0.93433,0.2,0.35641
11.38,0.92701,0.2,0.37503
11.4,0.91933,0.2,0.39349
11.42,0.91128,0.2,0.4118
11.44,0.90286,0.2,0.42994
11.46,0.89408,0.2,0.44791
11.48,0.88494,0.2,0.4657
11.5,0.87545,0.2,0.4833
11.52,0.86561,0.2,0.50072
11.54,0.85542,0.2,0.51793
11.56,0.8449,0.2,0.53493
11.58,0.83403,0.2,0.55172
11.6,0.82283,0.2,0.56829
11.62,0.8113,0.2,0.58463
11.64,0.79944,0.2,0.60074
11.66,0.78727,0.2,0.61661
11.68,0.77478,0.2,0.63223
11.7,0.76198,0.2,0.6476
11.72,0.74888,0.2,0.66271
11.74,0.73548,0.2,0.67755
11.76,0.72178,0.2,0.69212
11.78,0.70779,0.2,0.70642
11.8,0.69353,0.2,0.72043
11.82,0.67898,0.2,0.73416
11.84,0.66416,0.2,0.74759
11.86,0.64908,0.2,0.76072
11.88,0.63373,0.2,0.77355
11.9,0.61814,0.2,0.78607
11.92,0.60229,0.2,0.79828
11.94,0.58621,0.2,0.81016
11.96,0.56989,0.2,0.82172
11.98,0.55334,0.2,0.83295
12,0.53657,0.2,0.84385
12.02,0.51959,0.2,0.85442
12.04,0.5024,0.2,0.86464
12.06,0.48501,0.2,0.87451
12.08,0.46742,0.2,0.88404
12.1,0.44965,0.2,0.89321
12.12,0.43169,0.2,0.90202
12.14,0.41357,0.2,0.91047
12.16,0.39528,0.2,0.91856
12.18,0.37683,0.2,0.92628
12.2,0.35823,0.2,0.93363
12.22,0.33949,0.2,0.94061
12.24,0.32061,0.2,0.94721
12.26,0.3016,0.2,0.95343
12.28,0.28247,0.2,0.95928
12.3,0.26323,0.2,0.96473
12.32,0.24389,0.2,0.9698
12.34,0.22444,0.2,0.97449
12.36,0.20491,0.2,0.97878
12.38,0.18529,0.2,0.98268
12.4,0.1656,0.2,0.98619
12.42,0.14585,0.2,0.98931
12.44,0.12603,0.2,0.99203
12.46,0.10617,0.2,0.99435
12.48,0.086263,0.2,0.99627
12.5,0.066322,0.2,0.9978
12.52,0.046354,0.2,0.99893
12.54,0.026368,0.2,0.99965
12.56,0.0063706,0.2,0.99998
12.58,-0.013629,0.2,0.99991
12.6,-0.033623,0.2,0.99943
12.62,-0.053604,0.2,0.99856
12.64,-0.073563,0.2,0.99729
12.66,-0.093493,0.2,0.99562
12.68,-0.11339,0.2,0.99355
12.7,-0.13323,0.2,0.99108
12.72,-0.15303,0.2,0.98822
12.74,-0.17276,0.2,0.98496
12.76,-0.19242,0.2,0.98131
12.78,-0.21201,0.2,0.97727
12.8,-0.23151,0.2,0.97283
12.82,-0.25092,0.2,0.96801
12.84,-0.27023,0.2,0.9628
12.86,-0.28943,0.2,0.9572
12.88,-0.30851,0.2,0.95122
12.9,-0.32747,0.2,0.94486
12.92,-0.3463,0.2,0.93812
12.94,-0.365,0.2,0.93101
12.96,-0.38354,0.2,0.92352
12.98,-0.40194,0.2,0.91567
13,-0.42017,0.2,0.90745
13.02,-0.43823,0.2,0.89886
13.04,-0.45612,0.2,0.88992
13.06,-0.47383,0.2,0.88062
13.08,-0.49134,0.2,0.87097
13.1,-0.50866,0.2,0.86097
13.12,-0.52578,0.2,0.85062
13.14,-0.54268,0.2,0.83994
13.16,-0.55937,0.2,0.82892
13.18,-0.57584,0.2,0.81756
13.2,-0.59207,0.2,0.80588
13.22,-0.60807,0.2,0.79388
13.24,-0.62383,0.2,0.78156
13.26,-0.63933,0.2,0.76893
13.28,-0.65458,0.2,0.75599
13.3,-0.66957,0.2,0.74275
13.32,-0.68429,0.2,0.72921
13.34,-0.69874,0.2,0.71538
13.36,-0.7129,0.2,0.70126
13.38,-0.72678,0.2,0.68687
13.4,-0.74038,0.2,0.67219
13.42,-0.75367,0.2,0.65725
13.44,-0.76666,0.2,0.64205
13.46,-0.77935,0.2,0.62659
13.48,-0.79173,0.2,0.61088
13.5,-0.80378,0.2,0.59492
13.52,-0.81552,0.2,0.57873
13.54,-0.82693,0.2,0.5623
13.56,-0.83801,0.2,0.54565
13.58,-0.84876,0.2,0.52878
13.6,-0.85916,0.2,0.5117
13.62,-0.86922,0.2,0.49442
13.64,-0.87894,0.2,0.47694
13.66,-0.8883,0.2,0.45926
13.68,-0.89731,0.2,0.44141
13.7,-0.90595,0.2,0.42337
13.72,-0.91424,0.2,0.40517
13.74,-0.92216,0.2,0.38681
13.76,-0.92971,0.2,0.36829
13.78,-0.93689,0.2,0.34962
13.8,-0.9437,0.2,0.33081
13.82,-0.95012,0.2,0.31188
13.84,-0.95617,0.2,0.29281
13.86,-0.96183,0.2,0.27363
13.88,-0.96711,0.2,0.25434
13.9,-0.97201,0.2,0.23495
13.92,-0.97651,0.2,0.21546
13.94,-0.98063,0.2,0.19589
13.96,-0.98435,0.2,0.17624
13.98,-0.98767,0.2,0.15652
14,-0.99061,0.2,0.13674
14.02,-0.99314,0.2,0.1169
14.04,-0.99528,0.2,0.097014
14.06,-0.99702,0.2,0.07709
14.08,-0.99837,0.2,0.057136
14.1,-0.99931,0.2,0.037158
14.12,-0.99985,0.2,0.017166
14.14,-1,0.2,-0.0028331
14.16,-0.99974,0.2,-0.022831
14.18,-0.99908,0.2,-0.04282
14.2,-0.99803,0.2,-0.062792
14.22,-0.99657,0.2,-0.082738
14.24,-0.99472,0.2,-0.10265
14.26,-0.99247,0.2,-0.12252
14.28,-0.98982,0.2,-0.14235
14.3,-0.98677,0.2,-0.16211
14.32,-0.98333,0.2,-0.18182
14.34,-0.9795,0.2,-0.20145
14.36,-0.97528,0.2,-0.22099
14.38,-0.97066,0.2,-0.24045
14.4,-0.96566,0.2,-0.25982
14.42,-0.96027,0.2,-0.27908
14.44,-0.9545,0.2,-0.29823
14.46,-0.94834,0.2,-0.31725
14.48,-0.94181,0.2,-0.33616
14.5,-0.9349,0.2,-0.35492
14.52,-0.92761,0.2,-0.37355
14.54,-0.91995,0.2,-0.39203
14.56,-0.91193,0.2,-0.41035
14.58,-0.90354,0.2,-0.4285
14.6,-0.89479,0.2,-0.44648
14.62,-0.88568,0.2,-0.46429
14.64,-0.87622,0.2,-0.48191
14.66,-0.86641,0.2,-0.49934
14.68,-0.85625,0.2,-0.51656
14.7,-0.84575,0.2,-0.53358
14.72,-0.83491,0.2,-0.55039
14.74,-0.82373,0.2,-0.56698
14.76,-0.81223,0.2,-0.58334
14.78,-0.8004,0.2,-0.59947
14.8,-0.78825,0.2,-0.61535
14.82,-0.77579,0.2,-0.63099
14.84,-0.76301,0.2,-0.64638
14.86,-0.74993,0.2,-0.66151
14.88,-0.73656,0.2,-0.67638
14.9,-0.72288,0.2,-0.69097
14.92,-0.70892,0.2,-0.70529
14.94,-0.69467,0.2,-0.71933
14.96,-0.68015,0.2,-0.73308
14.98,-0.66535,0.2,-0.74653
15,-0.65029,0.2,-0.75969
15.02,-0.63497,0.2,-0.77254
15.04,-0.61939,0.2,-0.78508
15.06,-0.60356,0.2,-0.79731
15.08,-0.5875,0.2,-0.80923
15.1,-0.5712,0.2,-0.82081
15.12,-0.55467,0.2,-0.83207
15.14,-0.53792,0.2,-0.843
15.16,-0.52095,0.2,-0.85359
15.18,-0.50377,0.2,-0.86383
15.2,-0.4864,0.2,-0.87374
15.22,-0.46883,0.2,-0.88329
15.24,-0.45107,0.2,-0.89249
15.26,-0.43313,0.2,-0.90133
15.28,-0.41502,0.2,-0.90981
15.3,-0.39674,0.2,-0.91793
15.32,-0.3783,0.2,-0.92568
15.34,-0.35972,0.2,-0.93306
15.36,-0.34098,0.2,-0.94007
15.38,-0.32212,0.2,-0.9467
15.4,-0.30312,0.2,-0.95295
15.42,-0.284,0.2,-0.95882
15.44,-0.26477,0.2,-0.96431
15.46,-0.24543,0.2,-0.96941
15.48,-0.22599,0.2,-0.97413
15.5,-0.20647,0.2,-0.97845
15.52,-0.18686,0.2,-0.98239
15.54,-0.16717,0.2,-0.98593
15.56,-0.14742,0.2,-0.98907
15.58,-0.12761,0.2,-0.99182
15.6,-0.10775,0.2,-0.99418
15.62,-0.08785,0.2,-0.99613
15.64,-0.067911,0.2,-0.99769
15.66,-0.047945,0.2,-0.99885
15.68,-0.02796,0.2,-0.99961
15.7,-0.0079632,0.2,-0.99997
15.72,0.012036,0.2,-0.99993
15.74,0.032031,0.2,-0.99949
15.76,0.052013,0.2,-0.99865
15.78,0.071974,0.2,-0.99741
15.8,0.091907,0.2,-0.99577
15.82,0.1118,0.2,-0.99373
15.84,0.13165,0.2,-0.9913
15.86,0.15145,0.2,-0.98846
15.88,0.17119,0.2,-0.98524
15.9,0.19086,0.2,-0.98162
15.92,0.21045,0.2,-0.9776
15.94,0.22996,0.2,-0.9732
15.96,0.24938,0.2,-0.96841
15.98,0.26869,0.2,-0.96323
16,0.2879,0.2,-0.95766
16.02,0.307,0.2,-0.95171
16.04,0.32597,0.2,-0.94538
16.06,0.34481,0.2,-0.93867
16.08,0.36351,0.2,-0.93159
16.1,0.38207,0.2,-0.92413
16.12,0.40048,0.2,-0.91631
16.14,0.41872,0.2,-0.90811
16.16,0.4368,0.2,-0.89956
16.18,0.4547,0.2,-0.89064
16.2,0.47242,0.2,-0.88137
16.22,0.48995,0.2,-0.87175
16.24,0.50729,0.2,-0.86178
16.26,0.52442,0.2,-0.85146
16.28,0.54135,0.2,-0.8408
16.3,0.55805,0.2,-0.82981
16.32,0.57454,0.2,-0.81848
16.34,0.59079,0.2,-0.80683
16.36,0.60681,0.2,-0.79485
16.38,0.62258,0.2,-0.78256
16.4,0.63811,0.2,-0.76995
16.42,0.65338,0.2,-0.75703
16.44,0.66839,0.2,-0.74381
16.46,0.68313,0.2,-0.7303
16.48,0.6976,0.2,-0.71649
16.5,0.71179,0.2,-0.7024
16.52,0.72569,0.2,-0.68802
16.54,0.7393,0.2,-0.67337
16.56,0.75262,0.2,-0.65845
16.58,0.76564,0.2,-0.64327
16.6,0.77835,0.2,-0.62783
16.62,0.79075,0.2,-0.61214
16.64,0.80284,0.2,-0.5962
16.66,0.8146,0.2,-0.58003
16.68,0.82604,0.2,-0.56362
16.7,0.83714,0.2,-0.54699
16.72,0.84791,0.2,-0.53013
16.74,0.85835,0.2,-0.51307
16.76,0.86843,0.2,-0.4958
16.78,0.87818,0.2,-0.47834
16.8,0.88757,0.2,-0.46068
16.82,0.8966,0.2,-0.44284
16.84,0.90528,0.2,-0.42482
16.86,0.91359,0.2,-0.40663
16.88,0.92154,0.2,-0.38828
16.9,0.92912,0.2,-0.36977
16.92,0.93633,0.2,-0.35111
16.94,0.94317,0.2,-0.33232
16.96,0.94962,0.2,-0.31339
16.98,0.9557,0.2,-0.29433
17,0.9614,0.2,-0.27516
17.02,0.96671,0.2,-0.25588
17.04,0.97163,0.2,-0.2365
17.06,0.97617,0.2,-0.21702
17.08,0.98031,0.2,-0.19745
17.1,0.98407,0.2,-0.17781
17.12,0.98742,0.2,-0.15809
17.14,0.99039,0.2,-0.13831
17.16,0.99296,0.2,-0.11848
17.18,0.99513,0.2,-0.098599
17.2,0.9969,0.2,-0.078678
17.22,0.99827,0.2,-0.058726
17.24,0.99925,0.2,-0.03875
17.26,0.99982,0.2,-0.018758
17.28,1,0.2,0.0012404
17.3,0.99977,0.2,0.021239
17.32,0.99915,0.2,0.041229
17.34,0.99813,0.2,0.061202
17.36,0.9967,0.2,0.081151
17.38,0.99488,0.2,0.10107
17.4,0.99266,0.2,0.12094
17.42,0.99004,0.2,0.14077
17.44,0.98703,0.2,0.16054
17.46,0.98362,0.2,0.18025
17.48,0.97982,0.2,0.19988
17.5,0.97563,0.2,0.21944
17.52,0.97104,0.2,0.23891
17.54,0.96607,0.2,0.25828
17.56,0.96071,0.2,0.27755
17.58,0.95497,0.2,0.2967
17.6,0.94884,0.2,0.31574
17.62,0.94234,0.2,0.33466
17.64,0.93546,0.2,0.35343
17.66,0.9282,0.2,0.37207
17.68,0.92058,0.2,0.39056
17.7,0.91258,0.2,0.40889
17.72,0.90422,0.2,0.42706
17.74,0.8955,0.2,0.44506
17.76,0.88642,0.2,0.46288
17.78,0.87699,0.2,0.48051
17.8,0.8672,0.2,0.49796
17.82,0.85707,0.2,0.5152
17.84,0.8466,0.2,0.53224
17.86,0.83578,0.2,0.54906
17.88,0.82463,0.2,0.56567
17.9,0.81316,0.2,0.58204
17.92,0.80135,0.2,0.59819
17.94,0.78923,0.2,0.6141
17.96,0.77679,0.2,0.62976
17.98,0.76404,0.2,0.64517
18,0.75099,0.2,0.66032
18.02,0.73763,0.2,0.6752
18.04,0.72398,0.2,0.68982
18.06,0.71004,0.2,0.70416
18.08,0.69582,0.2,0.71822
18.1,0.68131,0.2,0.73199
18.12,0.66654,0.2,0.74547
18.14,0.6515,0.2,0.75865
18.16,0.63619,0.2,0.77153
18.18,0.62064,0.2,0.7841
18.2,0.60483,0.2,0.79635
18.22,0.58879,0.2,0.80829
18.24,0.5725,0.2,0.8199
18.26,0.55599,0.2,0.83119
18.28,0.53926,0.2,0.84214
18.3,0.52231,0.2,0.85276
18.32,0.50515,0.2,0.86303
18.34,0.48779,0.2,0.87296
18.36,0.47023,0.2,0.88254
18.38,0.45249,0.2,0.89177
18.4,0.43457,0.2,0.90064
18.42,0.41647,0.2,0.90915
18.44,0.3982,0.2,0.9173
18.46,0.37978,0.2,0.92508
18.48,0.3612,0.2,0.93249
18.5,0.34248,0.2,0.93952
18.52,0.32362,0.2,0.94619
18.54,0.30464,0.2,0.95247
18.56,0.28553,0.2,0.95837
18.58,0.2663,0.2,0.96389
18.6,0.24697,0.2,0.96902
18.62,0.22755,0.2,0.97377
18.64,0.20803,0.2,0.97812
18.66,0.18842,0.2,0.98209
18.68,0.16874,0.2,0.98566
18.7,0.149,0.2,0.98884
18.72,0.12919,0.2,0.99162
18.74,0.10934,0.2,0.994
18.76,0.089436,0.2,0.99599
18.78,0.0695,0.2,0.99758
18.8,0.049536,0.2,0.99877
18.82,0.029552,0.2,0.99956
18.84,0.0095558,0.2,0.99995
18.86,-0.010444,0.2,0.99995
18.88,-0.030439,0.2,0.99954
18.9,-0.050423,0.2,0.99873
18.92,-0.070386,0.2,0.99752
18.94,-0.090321,0.2,0.99591
18.96,-0.11022,0.2,0.99391
18.98,-0.13007,0.2,0.9915
19,-0.14988,0.2,0.9887
19.02,-0.16962,0.2,0.98551
19.04,-0.18929,0.2,0.98192
19.06,-0.20889,0.2,0.97794
19.08,-0.22841,0.2,0.97357
19.1,-0.24783,0.2,0.9688
19.12,-0.26716,0.2,0.96365
19.14,-0.28638,0.2,0.95812
19.16,-0.30548,0.2,0.9522
19.18,-0.32446,0.2,0.9459
19.2,-0.34331,0.2,0.93922
19.22,-0.36203,0.2,0.93217
19.24,-0.3806,0.2,0.92474
19.26,-0.39902,0.2,0.91694
19.28,-0.41727,0.2,0.90878
19.3,-0.43537,0.2,0.90025
19.32,-0.45328,0.2,0.89137
19.34,-0.47102,0.2,0.88212
19.36,-0.48856,0.2,0.87253
19.38,-0.50592,0.2,0.86258
19.4,-0.52307,0.2,0.85229
19.42,-0.54001,0.2,0.84166
19.44,-0.55673,0.2,0.83069
19.46,-0.57323,0.2,0.81939
19.48,-0.5895,0.2,0.80777
19.5,-0.60554,0.2,0.79581
19.52,-0.62133,0.2,0.78355
19.54,-0.63688,0.2,0.77096
19.56,-0.65217,0.2,0.75807
19.58,-0.6672,0.2,0.74488
19.6,-0.68196,0.2,0.73139
19.62,-0.69645,0.2,0.7176
19.64,-0.71067,0.2,0.70353
19.66,-0.72459,0.2,0.68918
19.68,-0.73823,0.2,0.67455
19.7,-0.75157,0.2,0.65965
19.72,-0.76462,0.2,0.64449
19.74,-0.77735,0.2,0.62907
19.76,-0.78978,0.2,0.6134
19.78,-0.80189,0.2,0.59748
19.8,-0.81367,0.2,0.58132
19.82,-0.82514,0.2,0.56493
19.84,-0.83627,0.2,0.54832
19.86,-0.84707,0.2,0.53148
19.88,-0.85753,0.2,0.51444
19.9,-0.86764,0.2,0.49719
19.92,-0.87741,0.2,0.47973
19.94,-0.88683,0.2,0.46209
19.96,-0.8959,0.2,0.44426
19.98,-0.9046,0.2,0.42626
20,-0.91295,0.2,0.40808
20.02,-0.92092,0.2,0.38974
20.04,-0.92853,0.2,0.37125
20.06,-0.93577,0.2,0.3526
20.08,-0.94264,0.2,0.33382
20.1,-0.94912,0.2,0.3149
20.12,-0.95523,0.2,0.29586
20.14,-0.96096,0.2,0.27669
20.16,-0.9663,0.2,0.25742
20.18,-0.97125,0.2,0.23804
20.2,-0.97582,0.2,0.21857
20.22,-0.98,0.2,0.19901
20.24,-0.98378,0.2,0.17938
20.26,-0.98717,0.2,0.15967
20.28,-0.99017,0.2,0.13989
20.3,-0.99277,0.2,0.12006
20.32,-0.99497,0.2,0.10018
20.34,-0.99677,0.2,0.080266
20.36,-0.99818,0.2,0.060316
20.38,-0.99919,0.2,0.040341
20.4,-0.99979,0.2,0.020351
20.42,-1,0.2,0.00035225
20.44,-0.99981,0.2,-0.019646
20.46,-0.99921,0.2,-0.039637
20.48,-0.99822,0.2,-0.059612
20.5,-0.99683,0.2,-0.079564
20.52,-0.99504,0.2,-0.099483
20.54,-0.99285,0.2,-0.11936
20.56,-0.99027,0.2,-0.13919
20.58,-0.98728,0.2,-0.15897
20.6,-0.98391,0.2,-0.17868
20.62,-0.98014,0.2,-0.19832
20.64,-0.97597,0.2,-0.21789
20.66,-0.97142,0.2,-0.23736
20.68,-0.96648,0.2,-0.25674
20.7,-0.96115,0.2,-0.27602
20.72,-0.95544,0.2,-0.29518
20.74,-0.94935,0.2,-0.31423
20.76,-0.94287,0.2,-0.33315
20.78,-0.93602,0.2,-0.35194
20.8,-0.9288,0.2,-0.37059
20.82,-0.9212,0.2,-0.38909
20.84,-0.91323,0.2,-0.40744
20.86,-0.9049,0.2,-0.42562
20.88,-0.89621,0.2,-0.44363
20.9,-0.88716,0.2,-0.46147
20.92,-0.87775,0.2,-0.47912
20.94,-0.86799,0.2,-0.49657
20.96,-0.85789,0.2,-0.51383
20.98,-0.84744,0.2,-0.53089
21,-0.83666,0.2,-0.54773
21.02,-0.82553,0.2,-0.56435
21.04,-0.81408,0.2,-0.58075
21.06,-0.80231,0.2,-0.59691
21.08,-0.79021,0.2,-0.61284
21.1,-0.77779,0.2,-0.62852
21.12,-0.76507,0.2,-0.64395
21.14,-0.75204,0.2,-0.65912
21.16,-0.73871,0.2,-0.67403
21.18,-0.72508,0.2,-0.68867
21.2,-0.71116,0.2,-0.70303
21.22,-0.69696,0.2,-0.71711
21.24,-0.68248,0.2,-0.73091
21.26,-0.66773,0.2,-0.74441
21.28,-0.6527,0.2,-0.75761
21.3,-0.63742,0.2,-0.77051
21.32,-0.62189,0.2,-0.78311
21.34,-0.6061,0.2,-0.79539
21.36,-0.59007,0.2,-0.80735
21.38,-0.57381,0.2,-0.81899
21.4,-0.55732,0.2,-0.8303
21.42,-0.5406,0.2,-0.84128
21.44,-0.52367,0.2,-0.85192
21.46,-0.50652,0.2,-0.86223
21.48,-0.48918,0.2,-0.87218
21.5,-0.47164,0.2,-0.88179
21.52,-0.45391,0.2,-0.89105
21.54,-0.436,0.2,-0.89995
21.56,-0.41791,0.2,-0.90849
21.58,-0.39966,0.2,-0.91666
21.6,-0.38125,0.2,-0.92447
21.62,-0.36269,0.2,-0.93191
21.64,-0.34398,0.2,-0.93898
21.66,-0.32513,0.2,-0.94567
21.68,-0.30615,0.2,-0.95198
21.7,-0.28705,0.2,-0.95791
21.72,-0.26784,0.2,-0.96346
21.74,-0.24852,0.2,-0.96863
21.76,-0.2291,0.2,-0.9734
21.78,-0.20958,0.2,-0.97779
21.8,-0.18999,0.2,-0.98179
21.82,-0.17031,0.2,-0.98539
21.84,-0.15057,0.2,-0.9886
21.86,-0.13077,0.2,-0.99141
21.88,-0.11092,0.2,-0.99383
21.9,-0.091022,0.2,-0.99585
21.92,-0.071089,0.2,-0.99747
21.94,-0.051126,0.2,-0.99869
21.96,-0.031144,0.2,-0.99951
21.98,-0.011148,0.2,-0.99994
22,0.0088513,0.2,-0.99996
22.02,0.028847,0.2,-0.99958
22.04,0.048832,0.2,-0.99881
22.06,0.068797,0.2,-0.99763
22.08,0.088735,0.2,-0.99606
22.1,0.10864,0.2,-0.99408
22.12,0.1285,0.2,-0.99171
22.14,0.1483,0.2,-0.98894
22.16,0.16805,0.2,-0.98578
22.18,0.18773,0.2,-0.98222
22.2,0.20734,0.2,-0.97827
22.22,0.22686,0.2,-0.97393
22.24,0.24629,0.2,-0.9692
22.26,0.26562,0.2,-0.96408
22.28,0.28485,0.2,-0.95857
22.3,0.30396,0.2,-0.95268
22.32,0.32296,0.2,-0.94641
22.34,0.34182,0.2,-0.93977
22.36,0.36054,0.2,-0.93274
22.38,0.37913,0.2,-0.92535
22.4,0.39756,0.2,-0.91758
22.42,0.41583,0.2,-0.90944
22.44,0.43393,0.2,-0.90095
22.46,0.45186,0.2,-0.89209
22.48,0.46961,0.2,-0.88287
22.5,0.48717,0.2,-0.8733
22.52,0.50454,0.2,-0.86339
22.54,0.52171,0.2,-0.85312
22.56,0.53866,0.2,-0.84252
22.58,0.55541,0.2,-0.83158
22.6,0.57193,0.2,-0.82031
22.62,0.58822,0.2,-0.8087
22.64,0.60427,0.2,-0.79678
22.66,0.62009,0.2,-0.78453
22.68,0.63565,0.2,-0.77198
22.7,0.65096,0.2,-0.75911
22.72,0.66601,0.2,-0.74594
22.74,0.6808,0.2,-0.73247
22.76,0.69531,0.2,-0.71871
22.78,0.70954,0.2,-0.70466
22.8,0.72349,0.2,-0.69033
22.82,0.73716,0.2,-0.67572
22.84,0.75052,0.2,-0.66085
22.86,0.76359,0.2,-0.6457
22.88,0.77635,0.2,-0.6303
22.9,0.7888,0.2,-0.61465
22.92,0.80093,0.2,-0.59875
22.94,0.81275,0.2,-0.58262
22.96,0.82424,0.2,-0.56625
22.98,0.8354,0.2,-0.54965
23,0.84622,0.2,-0.53283
23.02,0.85671,0.2,-0.5158
23.04,0.86685,0.2,-0.49857
23.06,0.87665,0.2,-0.48113
23.08,0.8861,0.2,-0.4635
23.1,0.89519,0.2,-0.44569
23.12,0.90392,0.2,-0.4277
23.14,0.91229,0.2,-0.40954
23.16,0.9203,0.2,-0.39121
23.18,0.92794,0.2,-0.37273
23.2,0.93521,0.2,-0.35409
23.22,0.9421,0.2,-0.33532
23.24,0.94862,0.2,-0.31641
23.26,0.95476,0.2,-0.29738
23.28,0.96052,0.2,-0.27822
23.3,0.96589,0.2,-0.25896
23.32,0.97087,0.2,-0.23959
23.34,0.97547,0.2,-0.22013
23.36,0.97968,0.2,-0.20058
23.38,0.98349,0.2,-0.18094
23.4,0.98692,0.2,-0.16124
23.42,0.98994,0.2,-0.14147
23.44,0.99257,0.2,-0.12164
23.46,0.99481,0.2,-0.10177
23.48,0.99664,0.2,-0.081853
23.5,0.99808,0.2,-0.061905
23.52,0.99912,0.2,-0.041933
23.54,0.99976,0.2,-0.021943
23.56,1,0.2,-0.0019449
23.58,0.99984,0.2,0.018054
23.6,0.99928,0.2,0.038046
23.62,0.99832,0.2,0.058022
23.64,0.99696,0.2,0.077976
23.66,0.9952,0.2,0.097898
23.68,0.99304,0.2,0.11778
23.7,0.99049,0.2,0.13762
23.72,0.98754,0.2,0.1574
23.74,0.98419,0.2,0.17712
23.76,0.98045,0.2,0.19676
23.78,0.97632,0.2,0.21633
23.8,0.9718,0.2,0.23581
23.82,0.96689,0.2,0.2552
23.84,0.96159,0.2,0.27449
23.86,0.95591,0.2,0.29366
23.88,0.94985,0.2,0.31272
23.9,0.9434,0.2,0.33165
23.92,0.93658,0.2,0.35045
23.94,0.92938,0.2,0.36911
23.96,0.92182,0.2,0.38763
23.98,0.91388,0.2,0.40598
24,0.90558,0.2,0.42418
24.02,0.89691,0.2,0.4422
24.04,0.88789,0.2,0.46005
24.06,0.87851,0.2,0.47772
24.08,0.86878,0.2,0.49519
24.1,0.85871,0.2,0.51247
24.12,0.84829,0.2,0.52954
24.14,0.83753,0.2,0.5464
24.16,0.82643,0.2,0.56304
24.18,0.81501,0.2,0.57945
24.2,0.80326,0.2,0.59563
24.22,0.79118,0.2,0.61158
24.24,0.77879,0.2,0.62728
24.26,0.76609,0.2,0.64273
24.28,0.75309,0.2,0.65792
24.3,0.73978,0.2,0.67285
24.32,0.72617,0.2,0.68751
24.34,0.71228,0.2,0.7019
24.36,0.6981,0.2,0.716
24.38,0.68364,0.2,0.72982
24.4,0.66891,0.2,0.74334
24.42,0.65391,0.2,0.75657
24.44,0.63865,0.2,0.7695
24.46,0.62313,0.2,0.78212
24.48,0.60737,0.2,0.79442
24.5,0.59136,0.2,0.80641
24.52,0.57511,0.2,0.81807
24.54,0.55864,0.2,0.82941
24.56,0.54194,0.2,0.84042
24.58,0.52502,0.2,0.85109
24.6,0.5079,0.2,0.86142
24.62,0.49057,0.2,0.8714
24.64,0.47304,0.2,0.88104
24.66,0.45533,0.2,0.89032
24.68,0.43743,0.2,0.89925
24.7,0.41936,0.2,0.90782
24.72,0.40112,0.2,0.91602
24.74,0.38272,0.2,0.92386
24.76,0.36417,0.2,0.93133
24.78,0.34547,0.2,0.93843
24.8,0.32664,0.2,0.94515
24.82,0.30767,0.2,0.95149
24.84,0.28858,0.2,0.95746
24.86,0.26937,0.2,0.96304
24.88,0.25006,0.2,0.96823
24.9,0.23065,0.2,0.97304
24.92,0.21114,0.2,0.97746
24.94,0.19155,0.2,0.98148
24.96,0.17188,0.2,0.98512
24.98,0.15215,0.2,0.98836
25,0.13235,0.2,0.9912
25.02,0.1125,0.2,0.99365
25.04,0.092608,0.2,0.9957
25.06,0.072677,0.2,0.99736
25.08,0.052717,0.2,0.99861
25.1,0.032735,0.2,0.99946
25.12,0.012741,0.2,0.99992
