0,0,-9.7667,0.05,1.06,0.01,-0.98,0.03
0.02,0.02,-9.7647,0.050785,1.2561,0.01004,-0.97998,0.037999
0.04,0.04,-9.7588,0.053143,1.4521,0.01016,-0.9799,0.045989
0.06,0.06,-9.749,0.057074,1.648,0.010359,-0.97978,0.053963
0.08,0.08,-9.7353,0.062576,1.8436,0.010638,-0.97962,0.061912
0.1,0.1,-9.7177,0.069646,2.0388,0.010994,-0.9794,0.069828
0.12,0.12,-9.6962,0.078277,2.2336,0.011428,-0.97914,0.077704
0.14,0.14,-9.6708,0.08846,2.4279,0.011938,-0.97884,0.08553
0.16,0.16,-9.6415,0.10018,2.6216,0.012522,-0.97849,0.093299
0.18,0.18,-9.6083,0.11343,2.8146,0.013179,-0.9781,0.101
0.2,0.2,-9.5713,0.12818,3.0067,0.013907,-0.97766,0.10863
0.22,0.22,-9.5305,0.14443,3.1981,0.014704,-0.97719,0.11619
0.24,0.24,-9.4858,0.16214,3.3884,0.015568,-0.97668,0.12365
0.26,0.26,-9.4374,0.1813,3.5778,0.016496,-0.97612,0.13102
0.28,0.28,-9.3851,0.20187,3.766,0.017486,-0.97554,0.13828
0.3,0.3,-9.3291,0.22383,3.953,0.018534,-0.97492,0.14544
0.32,0.32,-9.2694,0.24715,4.1387,0.019638,-0.97427,0.15247
0.34,0.34,-9.206,0.27179,4.3231,0.020794,-0.97359,0.15939
0.36,0.36,-9.1388,0.29772,4.506,0.021999,-0.97288,0.16617
0.38,0.38,-9.068,0.3249,4.6875,0.023249,-0.97214,0.17282
0.4,0.4,-8.9936,0.35329,4.8673,0.024542,-0.97139,0.17932
0.42,0.42,-8.9156,0.38285,5.0454,0.025872,-0.97061,0.18568
0.44,0.44,-8.834,0.41353,5.2219,0.027235,-0.96982,0.19188
0.46,0.46,-8.7488,0.4453,5.3964,0.028628,-0.96901,0.19792
0.48,0.48,-8.6602,0.4781,5.5692,0.030047,-0.96818,0.20379
0.5,0.5,-8.5681,0.51189,5.7399,0.031486,-0.96735,0.2095
0.52,0.52,-8.4725,0.54661,5.9086,0.032942,-0.96651,0.21503
0.54,0.54,-8.3736,0.58221,6.0752,0.034409,-0.96566,0.22038
0.56,0.56,-8.2713,0.61864,6.2397,0.035883,-0.96482,0.22554
0.58,0.58,-8.1656,0.65585,6.4019,0.037359,-0.96397,0.23052
0.6,0.6,-8.0567,0.69377,6.5618,0.038831,-0.96313,0.2353
0.62,0.62,-7.9446,0.73236,6.7193,0.040296,-0.96229,0.23989
0.64,0.64,-7.8293,0.77155,6.8745,0.041748,-0.96146,0.24427
0.66,0.66,-7.7108,0.81128,7.0271,0.043181,-0.96064,0.24846
0.68,0.68,-7.5892,0.8515,7.1773,0.044591,-0.95984,0.25244
0.7,0.7,-7.4646,0.89214,7.3248,0.045972,-0.95905,0.25622
0.72,0.72,-7.337,0.93314,7.4697,0.047319,-0.95828,0.25978
0.74,0.74,-7.2064,0.97444,7.6118,0.048627,-0.95753,0.26313
0.76,0.76,-7.0729,1.016,7.7512,0.04989,-0.95681,0.26627
0.78,0.78,-6.9366,1.0577,7.8879,0.051103,-0.95611,0.2692
0.8,0.8,-6.7975,1.0995,8.0216,0.052261,-0.95543,0.27191
0.82,0.82,-6.6556,1.1414,8.1525,0.053359,-0.95479,0.2744
0.84,0.84,-6.5111,1.1832,8.2804,0.054391,-0.95418,0.27668
0.86,0.86,-6.3639,1.225,8.4053,0.055353,-0.9536,0.27874
0.88,0.88,-6.2141,1.2666,8.5272,0.056238,-0.95306,0.28059
0.9,0.9,-6.0619,1.308,8.6459,0.057042,-0.95256,0.28222
0.92,0.92,-5.9072,1.3492,8.7616,0.05776,-0.95209,0.28363
0.94,0.94,-5.75,1.39,8.8741,0.058388,-0.95167,0.28483
0.96,0.96,-5.5906,1.4304,8.9835,0.058919,-0.95128,0.28581
0.98,0.98,-5.4289,1.4704,9.0896,0.05935,-0.95094,0.28658
1,1,-5.265,1.5098,9.1924,0.059675,-0.95064,0.28715
1.02,1.02,-5.0989,1.5487,9.2919,0.059891,-0.95039,0.2875
1.04,1.04,-4.9308,1.5869,9.3881,0.059992,-0.95018,0.28764
1.06,1.06,-4.7607,1.6244,9.481,0.059975,-0.95001,0.28759
1.08,1.08,-4.5886,1.6612,9.5705,0.059836,-0.94989,0.28733
1.1,1.1,-4.4147,1.6971,9.6565,0.059569,-0.94982,0.28687
1.12,1.12,-4.2389,1.7322,9.7391,0.059173,-0.9498,0.28621
1.14,1.14,-4.0615,1.7664,9.8183,0.058642,-0.94982,0.28537
1.16,1.16,-3.8823,1.7996,9.8939,0.057973,-0.94989,0.28433
1.18,1.18,-3.7016,1.8318,9.9661,0.057164,-0.95,0.28311
1.2,1.2,-3.5194,1.8629,10.035,0.056211,-0.95016,0.28171
1.22,1.22,-3.3357,1.8929,10.1,0.055111,-0.95036,0.28013
1.24,1.24,-3.1506,1.9217,10.161,0.053861,-0.95061,0.27837
1.26,1.26,-2.9643,1.9493,10.219,0.052459,-0.9509,0.27645
1.28,1.28,-2.7767,1.9756,10.274,0.050902,-0.95124,0.27436
1.3,1.3,-2.588,2.0007,10.324,0.049189,-0.95162,0.27212
1.32,1.32,-2.3983,2.0245,10.371,0.047317,-0.95203,0.26972
1.34,1.34,-2.2075,2.0468,10.415,0.045285,-0.95249,0.26717
1.36,1.36,-2.0158,2.0678,10.455,0.043092,-0.95298,0.26447
1.38,1.38,-1.8233,2.0874,10.491,0.040735,-0.95352,0.26164
1.4,1.4,-1.6301,2.1054,10.523,0.038216,-0.95408,0.25867
1.42,1.42,-1.4361,2.122,10.552,0.035532,-0.95468,0.25557
1.44,1.44,-1.2416,2.1371,10.577,0.032683,-0.95531,0.25235
1.46,1.46,-1.0465,2.1506,10.599,0.029669,-0.95597,0.24901
1.48,1.48,-0.85097,2.1626,10.617,0.02649,-0.95666,0.24556
1.5,1.5,-0.65509,2.173,10.631,0.023147,-0.95737,0.24201
1.52,1.52,-0.45894,2.1818,10.641,0.019639,-0.95811,0.23836
1.54,1.54,-0.26257,2.189,10.648,0.015969,-0.95886,0.23461
1.56,1.56,-0.066089,2.1946,10.651,0.012136,-0.95964,0.23077
1.58,1.58,0.13044,2.1986,10.65,0.0081424,-0.96043,0.22686
1.6,1.6,0.32693,2.2009,10.646,0.0039896,-0.96124,0.22286
1.62,1.62,0.52331,2.2016,10.638,-0.00032057,-0.96206,0.2188
1.64,1.64,0.71948,2.2006,10.626,-0.004786,-0.9629,0.21468
1.66,1.66,0.91538,2.1981,10.611,-0.0094043,-0.96374,0.21049
1.68,1.68,1.1109,2.1938,10.592,-0.014173,-0.96458,0.20626
1.7,1.7,1.306,2.188,10.569,-0.019089,-0.96543,0.20198
1.72,1.72,1.5006,2.1806,10.543,-0.02415,-0.96628,0.19766
1.74,1.74,1.6946,2.1715,10.513,-0.029351,-0.96713,0.19331
1.76,1.76,1.888,2.1608,10.479,-0.03469,-0.96798,0.18894
1.78,1.78,2.0805,2.1486,10.442,-0.040162,-0.96882,0.18454
1.8,1.8,2.2723,2.1348,10.401,-0.045765,-0.96966,0.18013
1.82,1.82,2.4631,2.1195,10.357,-0.051492,-0.97048,0.1757
1.84,1.84,2.653,2.1027,10.309,-0.05734,-0.9713,0.17128
1.86,1.86,2.8418,2.0844,10.257,-0.063304,-0.9721,0.16685
1.88,1.88,3.0294,2.0646,10.202,-0.06938,-0.97289,0.16244
1.9,1.9,3.2159,2.0434,10.143,-0.075561,-0.97365,0.15804
1.92,1.92,3.401,2.0208,10.081,-0.081843,-0.97441,0.15366
1.94,1.94,3.5848,1.9968,10.015,-0.08822,-0.97514,0.1493
1.96,1.96,3.7671,1.9715,9.946,-0.094687,-0.97585,0.14497
1.98,1.98,3.948,1.9449,9.8733,-0.10124,-0.97653,0.14068
2,2,4.1272,1.9171,9.7972,-0.10787,-0.9772,0.13643
2.02,2.02,4.3049,1.8881,9.7177,-0.11456,-0.97783,0.13222
2.04,2.04,4.4807,1.8579,9.6347,-0.12133,-0.97844,0.12806
2.06,2.06,4.6548,1.8266,9.5484,-0.12815,-0.97903,0.12395
2.08,2.08,4.827,1.7942,9.4588,-0.13502,-0.97958,0.11991
2.1,2.1,4.9973,1.7608,9.3659,-0.14194,-0.98011,0.11592
2.12,2.12,5.1656,1.7264,9.2696,-0.1489,-0.9806,0.11201
2.14,2.14,5.3318,1.6911,9.1701,-0.15589,-0.98107,0.10816
2.16,2.16,5.4959,1.6549,9.0674,-0.1629,-0.9815,0.10439
2.18,2.18,5.6578,1.618,8.9615,-0.16993,-0.9819,0.10069
2.2,2.2,5.8174,1.5803,8.8525,-0.17697,-0.98228,0.097077
2.22,2.22,5.9747,1.5418,8.7403,-0.18401,-0.98262,0.093547
2.24,2.24,6.1296,1.5028,8.625,-0.19104,-0.98292,0.090104
2.26,2.26,6.2821,1.4631,8.5067,-0.19806,-0.9832,0.08675
2.28,2.28,6.4321,1.423,8.3853,-0.20507,-0.98345,0.083489
2.3,2.3,6.5795,1.3824,8.261,-0.21204,-0.98366,0.080323
2.32,2.32,6.7242,1.3414,8.1338,-0.21898,-0.98385,0.077253
2.34,2.34,6.8663,1.3,8.0036,-0.22587,-0.98401,0.074281
2.36,2.36,7.0056,1.2584,7.8706,-0.23272,-0.98413,0.07141
2.38,2.38,7.1422,1.2165,7.7348,-0.23951,-0.98423,0.06864
2.4,2.4,7.2759,1.1746,7.5963,-0.24623,-0.98431,0.065973
2.42,2.42,7.4067,1.1325,7.455,-0.25288,-0.98435,0.06341
2.44,2.44,7.5346,1.0904,7.3111,-0.25945,-0.98437,0.060951
2.46,2.46,7.6594,1.0484,7.1646,-0.26593,-0.98437,0.058596
2.48,2.48,7.7812,1.0064,7.0155,-0.27231,-0.98434,0.056347
2.5,2.5,7.9,0.96465,6.8639,-0.27859,-0.9843,0.054202
2.52,2.52,8.0155,0.92311,6.7098,-0.28477,-0.98423,0.052163
2.54,2.54,8.1279,0.88187,6.5534,-0.29083,-0.98414,0.050228
2.56,2.56,8.2371,0.84098,6.3946,-0.29676,-0.98404,0.048397
2.58,2.58,8.343,0.80051,6.2335,-0.30256,-0.98392,0.046668
2.6,2.6,8.4456,0.76052,6.0702,-0.30823,-0.98378,0.045041
2.62,2.62,8.5448,0.72107,5.9048,-0.31375,-0.98363,0.043515
2.64,2.64,8.6406,0.68222,5.7372,-0.31913,-0.98348,0.042087
2.66,2.66,8.733,0.64402,5.5677,-0.32434,-0.98331,0.040756
2.68,2.68,8.8219,0.60654,5.3961,-0.3294,-0.98313,0.039521
2.7,2.7,8.9073,0.56983,5.2227,-0.33428,-0.98295,0.038378
2.72,2.72,8.9892,0.53394,5.0474,-0.339,-0.98276,0.037325
2.74,2.74,9.0675,0.49893,4.8703,-0.34353,-0.98257,0.03636
2.76,2.76,9.1422,0.46485,4.6916,-0.34788,-0.98237,0.03548
2.78,2.78,9.2133,0.43175,4.5112,-0.35204,-0.98218,0.034682
2.8,2.8,9.2808,0.39968,4.3293,-0.356,-0.98198,0.033962
2.82,2.82,9.3445,0.36869,4.1459,-0.35977,-0.98179,0.033319
2.84,2.84,9.4045,0.33882,3.9611,-0.36333,-0.9816,0.032747
2.86,2.86,9.4608,0.31012,3.775,-0.36668,-0.98142,0.032243
2.88,2.88,9.5134,0.28263,3.5876,-0.36982,-0.98125,0.031803
2.9,2.9,9.5621,0.25639,3.3991,-0.37274,-0.98108,0.031425
2.92,2.92,9.6071,0.23144,3.2095,-0.37545,-0.98092,0.031102
2.94,2.94,9.6482,0.20781,3.0189,-0.37793,-0.98077,0.030832
2.96,2.96,9.6855,0.18554,2.8273,-0.38019,-0.98063,0.030609
2.98,2.98,9.719,0.16465,2.6349,-0.38222,-0.9805,0.03043
3,3,9.7486,0.14519,2.4418,-0.38402,-0.98039,0.03029
3.02,3.02,9.7743,0.12717,2.248,-0.38558,-0.98029,0.030184
3.04,3.04,9.7961,0.11062,2.0535,-0.38691,-0.9802,0.030107
3.06,3.06,9.814,0.095569,1.8586,-0.38801,-0.98013,0.030056
3.08,3.08,9.8281,0.082027,1.6633,-0.38886,-0.98008,0.030024
3.1,3.1,9.8382,0.070015,1.4676,-0.38948,-0.98003,0.030007
3.12,3.12,9.8444,0.05955,1.2717,-0.38986,-0.98001,0.030001
3.14,3.14,9.8466,0.050642,1.0756,-0.39,-0.98,0.03
3.16,3.16,9.845,0.043303,0.87947,-0.3899,-0.98001,0.029999
3.18,3.18,9.8394,0.037539,0.68334,-0.38956,-0.98003,0.029994
3.2,3.2,9.8299,0.033356,0.48731,-0.38898,-0.98007,0.02998
3.22,3.22,9.8165,0.030755,0.29148,-0.38816,-0.98012,0.029951
3.24,3.24,9.7992,0.029737,0.095928,-0.3871,-0.98019,0.029902
3.26,3.26,9.778,0.030298,-0.099253,-0.38581,-0.98028,0.02983
3.28,3.28,9.7528,0.032434,-0.29398,-0.38428,-0.98037,0.029729
3.3,3.3,9.7238,0.036135,-0.48815,-0.38252,-0.98049,0.029595
3.32,3.32,9.6909,0.041392,-0.68169,-0.38053,-0.98061,0.029422
3.34,3.34,9.6541,0.048191,-0.87451,-0.37831,-0.98075,0.029207
3.36,3.36,9.6135,0.056517,-1.0665,-0.37586,-0.98089,0.028944
3.38,3.38,9.569,0.066351,-1.2576,-0.37319,-0.98105,0.02863
3.4,3.4,9.5207,0.077673,-1.4478,-0.3703,-0.98122,0.028261
3.42,3.42,9.4686,0.090459,-1.6368,-0.36719,-0.98139,0.027831
3.44,3.44,9.4128,0.10469,-1.8248,-0.36387,-0.98157,0.027338
3.46,3.46,9.3531,0.12032,-2.0114,-0.36035,-0.98176,0.026777
3.48,3.48,9.2898,0.13734,-2.1968,-0.35661,-0.98195,0.026145
3.5,3.5,9.2227,0.15571,-2.3808,-0.35268,-0.98215,0.025438
3.52,3.52,9.1519,0.17539,-2.5632,-0.34855,-0.98234,0.024653
3.54,3.54,9.0775,0.19635,-2.7441,-0.34423,-0.98253,0.023786
3.56,3.56,8.9995,0.21856,-2.9234,-0.33973,-0.98273,0.022835
3.58,3.58,8.9178,0.24196,-3.101,-0.33505,-0.98292,0.021796
3.6,3.6,8.8326,0.26651,-3.2767,-0.33019,-0.9831,0.020668
3.62,3.62,8.7439,0.29218,-3.4506,-0.32516,-0.98328,0.019447
3.64,3.64,8.6517,0.31891,-3.6225,-0.31997,-0.98345,0.018131
3.66,3.66,8.556,0.34667,-3.7924,-0.31462,-0.98361,0.016719
3.68,3.68,8.457,0.37539,-3.9602,-0.30912,-0.98376,0.015208
3.7,3.7,8.3545,0.40503,-4.1259,-0.30347,-0.9839,0.013598
3.72,3.72,8.2487,0.43553,-4.2893,-0.29769,-0.98402,0.011885
3.74,3.74,8.1396,0.46684,-4.4504,-0.29178,-0.98413,0.010071
3.76,3.76,8.0273,0.49892,-4.6092,-0.28574,-0.98422,0.0081521
3.78,3.78,7.9118,0.53169,-4.7655,-0.27959,-0.98429,0.0061293
3.8,3.8,7.7931,0.56511,-4.9193,-0.27332,-0.98434,0.0040018
3.82,3.82,7.6714,0.59911,-5.0706,-0.26695,-0.98437,0.0017691
3.84,3.84,7.5465,0.63364,-5.2193,-0.26048,-0.98437,-0.00056854
3.86,3.86,7.4187,0.66864,-5.3652,-0.25393,-0.98436,-0.0030111
3.88,3.88,7.2879,0.70404,-5.5085,-0.24729,-0.98431,-0.005558
3.9,3.9,7.1542,0.73979,-5.649,-0.24058,-0.98425,-0.0082087
3.92,3.92,7.0177,0.77583,-5.7867,-0.2338,-0.98415,-0.010962
3.94,3.94,6.8784,0.81209,-5.9214,-0.22697,-0.98403,-0.013817
3.96,3.96,6.7364,0.84851,-6.0533,-0.22008,-0.98388,-0.016773
3.98,3.98,6.5917,0.88503,-6.1821,-0.21315,-0.9837,-0.019827
4,4,6.4444,0.92159,-6.308,-0.20618,-0.98348,-0.022979
4.02,4.02,6.2945,0.95812,-6.4307,-0.19918,-0.98324,-0.026225
4.04,4.04,6.1422,0.99457,-6.5504,-0.19216,-0.98297,-0.029563
4.06,4.06,5.9874,1.0309,-6.6669,-0.18513,-0.98267,-0.032992
4.08,4.08,5.8303,1.067,-6.7802,-0.17809,-0.98233,-0.036509
4.1,4.1,5.6708,1.1028,-6.8903,-0.17105,-0.98197,-0.04011
4.12,4.12,5.5091,1.1383,-6.9971,-0.16402,-0.98157,-0.043792
4.14,4.14,5.3453,1.1734,-7.1007,-0.157,-0.98114,-0.047553
4.16,4.16,5.1793,1.2081,-7.2009,-0.15001,-0.98068,-0.051389
4.18,4.18,5.0113,1.2422,-7.2977,-0.14305,-0.98019,-0.055295
4.2,4.2,4.8413,1.2758,-7.3912,-0.13612,-0.97967,-0.059269
4.22,4.22,4.6695,1.3088,-7.4812,-0.12924,-0.97912,-0.063306
4.24,4.24,4.4958,1.3411,-7.5679,-0.12241,-0.97854,-0.067402
4.26,4.26,4.3203,1.3727,-7.651,-0.11564,-0.97793,-0.071552
4.28,4.28,4.1431,1.4035,-7.7307,-0.10893,-0.9773,-0.075753
4.3,4.3,3.9644,1.4335,-7.8068,-0.10229,-0.97664,-0.079999
4.32,4.32,3.784,1.4627,-7.8794,-0.095725,-0.97596,-0.084286
4.34,4.34,3.6022,1.4908,-7.9485,-0.089244,-0.97525,-0.088608
4.36,4.36,3.419,1.5181,-8.014,-0.082853,-0.97452,-0.092961
4.38,4.38,3.2344,1.5443,-8.0759,-0.076555,-0.97378,-0.09734
4.4,4.4,3.0486,1.5694,-8.1343,-0.070357,-0.97301,-0.10174
4.42,4.42,2.8616,1.5935,-8.189,-0.064265,-0.97222,-0.10615
4.44,4.44,2.6735,1.6164,-8.2401,-0.058282,-0.97143,-0.11057
4.46,4.46,2.4844,1.6382,-8.2875,-0.052415,-0.97061,-0.115
4.48,4.48,2.2943,1.6587,-8.3313,-0.046668,-0.96979,-0.11942
4.5,4.5,2.1033,1.678,-8.3715,-0.041046,-0.96896,-0.12384
4.52,4.52,1.9115,1.696,-8.408,-0.035553,-0.96811,-0.12824
4.54,4.54,1.7189,1.7127,-8.4408,-0.030192,-0.96727,-0.13262
4.56,4.56,1.5257,1.7281,-8.47,-0.024969,-0.96642,-0.13697
4.58,4.58,1.3319,1.7422,-8.4955,-0.019885,-0.96557,-0.1413
4.6,4.6,1.1376,1.7548,-8.5173,-0.014946,-0.96472,-0.14558
4.62,4.62,0.94292,1.7661,-8.5354,-0.010154,-0.96387,-0.14982
4.64,4.64,0.74784,1.776,-8.5498,-0.0055114,-0.96303,-0.15401
4.66,4.66,0.55249,1.7844,-8.5605,-0.0010214,-0.9622,-0.15815
4.68,4.68,0.35693,1.7914,-8.5675,0.0033136,-0.96137,-0.16222
4.7,4.7,0.16124,1.7969,-8.5709,0.0074916,-0.96056,-0.16623
4.72,4.72,-0.034486,1.801,-8.5705,0.011511,-0.95977,-0.17016
4.74,4.74,-0.23019,1.8036,-8.5665,0.015369,-0.95899,-0.174
4.76,4.76,-0.42578,1.8047,-8.5588,0.019066,-0.95822,-0.17777
4.78,4.78,-0.6212,1.8044,-8.5474,0.022599,-0.95749,-0.18143
4.8,4.8,-0.81635,1.8026,-8.5323,0.025969,-0.95677,-0.18501
4.82,4.82,-1.0112,1.7993,-8.5135,0.029174,-0.95608,-0.18847
4.84,4.84,-1.2056,1.7945,-8.4911,0.032214,-0.95541,-0.19183
4.86,4.86,-1.3995,1.7883,-8.4651,0.035089,-0.95478,-0.19507
4.88,4.88,-1.5928,1.7806,-8.4353,0.037799,-0.95417,-0.19818
4.9,4.9,-1.7855,1.7716,-8.402,0.040345,-0.9536,-0.20117
4.92,4.92,-1.9775,1.7611,-8.365,0.042727,-0.95307,-0.20403
4.94,4.94,-2.1687,1.7491,-8.3244,0.044947,-0.95257,-0.20675
4.96,4.96,-2.359,1.7359,-8.2801,0.047004,-0.9521,-0.20932
4.98,4.98,-2.5484,1.7212,-8.2323,0.048901,-0.95168,-0.21174
5,5,-2.7368,1.7052,-8.1809,0.05064,-0.9513,-0.21402
5.02,5.02,-2.9241,1.6879,-8.1259,0.052221,-0.95095,-0.21613
5.04,5.04,-3.1102,1.6694,-8.0674,0.053648,-0.95065,-0.21808
5.06,5.06,-3.295,1.6495,-8.0053,0.054922,-0.9504,-0.21986
5.08,5.08,-3.4786,1.6285,-7.9397,0.056046,-0.95019,-0.22147
5.1,5.1,-3.6607,1.6063,-7.8706,0.057022,-0.95002,-0.2229
5.12,5.12,-3.8414,1.5829,-7.798,0.057854,-0.9499,-0.22415
5.14,5.14,-4.0206,1.5584,-7.722,0.058545,-0.94983,-0.22521
5.16,5.16,-4.1981,1.5329,-7.6425,0.059097,-0.9498,-0.22609
5.18,5.18,-4.374,1.5063,-7.5596,0.059515,-0.94982,-0.22678
5.2,5.2,-4.5481,1.4787,-7.4733,0.059802,-0.94988,-0.22727
5.22,5.22,-4.7205,1.4503,-7.3836,0.059961,-0.94999,-0.22756
5.24,5.24,-4.8909,1.4209,-7.2906,0.059998,-0.95015,-0.22765
5.26,5.26,-5.0594,1.3907,-7.1943,0.059915,-0.95035,-0.22754
5.28,5.28,-5.2258,1.3596,-7.0946,0.059717,-0.9506,-0.22722
5.3,5.3,-5.3902,1.3279,-6.9917,0.059409,-0.95089,-0.22669
5.32,5.32,-5.5524,1.2954,-6.8856,0.058994,-0.95122,-0.22595
5.34,5.34,-5.7124,1.2624,-6.7763,0.058479,-0.9516,-0.225
5.36,5.36,-5.8701,1.2287,-6.6638,0.057867,-0.95202,-0.22384
5.38,5.38,-6.0254,1.1946,-6.5482,0.057162,-0.95248,-0.22246
5.4,5.4,-6.1784,1.1599,-6.4295,0.056372,-0.95298,-0.22086
5.42,5.42,-6.3288,1.1249,-6.3078,0.055499,-0.95352,-0.21905
5.44,5.44,-6.4768,1.0895,-6.183,0.054549,-0.95409,-0.21703
5.46,5.46,-6.6221,1.0538,-6.0553,0.053528,-0.95469,-0.21478
5.48,5.48,-6.7648,1.0179,-5.9246,0.05244,-0.95533,-0.21232
5.5,5.5,-6.9047,0.98183,-5.7911,0.051291,-0.956,-0.20965
5.52,5.52,-7.0419,0.94564,-5.6547,0.050086,-0.95669,-0.20675
5.54,5.54,-7.1762,0.90942,-5.5155,0.048831,-0.95741,-0.20365
5.56,5.56,-7.3077,0.87321,-5.3736,0.04753,-0.95816,-0.20033
5.58,5.58,-7.4363,0.83707,-5.229,0.046189,-0.95893,-0.1968
5.6,5.6,-7.5618,0.80108,-5.0817,0.044813,-0.95971,-0.19306
5.62,5.62,-7.6843,0.76528,-4.9319,0.043407,-0.96051,-0.18911
5.64,5.64,-7.8037,0.72975,-4.7795,0.041977,-0.96133,-0.18495
5.66,5.66,-7.92,0.69454,-4.6247,0.040528,-0.96216,-0.1806
5.68,5.68,-8.0331,0.65971,-4.4674,0.039065,-0.96299,-0.17604
5.7,5.7,-8.143,0.62532,-4.3078,0.037593,-0.96384,-0.17129
5.72,5.72,-8.2495,0.59144,-4.1459,0.036118,-0.96468,-0.16635
5.74,5.74,-8.3528,0.55812,-3.9818,0.034643,-0.96553,-0.16121
5.76,5.76,-8.4527,0.52541,-3.8155,0.033175,-0.96638,-0.15589
5.78,5.78,-8.5492,0.49339,-3.647,0.031717,-0.96722,-0.15039
5.8,5.8,-8.6422,0.46209,-3.4766,0.030275,-0.96805,-0.14471
5.82,5.82,-8.7318,0.43158,-3.3042,0.028853,-0.96888,-0.13887
5.84,5.84,-8.8178,0.40192,-3.1299,0.027455,-0.96969,-0.13285
5.86,5.86,-8.9003,0.37314,-2.9537,0.026087,-0.97049,-0.12668
5.88,5.88,-8.9792,0.34531,-2.7758,0.024751,-0.97126,-0.12035
5.9,5.9,-9.0545,0.31847,-2.5962,0.023452,-0.97202,-0.11386
5.92,5.92,-9.1261,0.29268,-2.4151,0.022195,-0.97276,-0.10724
5.94,5.94,-9.1941,0.26797,-2.2324,0.020982,-0.97347,-0.10048
5.96,5.96,-9.2583,0.2444,-2.0482,0.019818,-0.97416,-0.093583
5.98,5.98,-9.3189,0.222,-1.8627,0.018706,-0.97482,-0.086564
6,6,-9.3756,0.20082,-1.6759,0.017649,-0.97544,-0.079428
6.02,6.02,-9.4286,0.18089,-1.4878,0.01665,-0.97603,-0.07218
6.04,6.04,-9.4778,0.16226,-1.2987,0.015712,-0.97659,-0.064828
6.06,6.06,-9.5232,0.14496,-1.1084,0.014837,-0.97711,-0.05738
6.08,6.08,-9.5648,0.12901,-0.91727,0.01403,-0.97759,-0.049843
6.1,6.1,-9.6025,0.11446,-0.72522,0.01329,-0.97803,-0.042224
6.12,6.12,-9.6363,0.10133,-0.53237,0.012622,-0.97843,-0.03453
6.14,6.14,-9.6662,0.08964,-0.33881,0.012026,-0.97879,-0.026771
6.16,6.16,-9.6923,0.079423,-0.14462,0.011504,-0.9791,-0.018954
6.18,6.18,-9.7145,0.070698,0.050107,0.011058,-0.97937,-0.011086
6.2,6.2,-9.7327,0.063483,0.24528,0.010689,-0.97959,-0.0031752
6.22,6.22,-9.7471,0.057795,0.44083,0.010398,-0.97976,0.0047692
6.24,6.24,-9.7575,0.053647,0.63664,0.010186,-0.97989,0.01274
6.26,6.26,-9.764,0.051053,0.83265,0.010054,-0.97997,0.020728
6.28,6.28,-9.7666,0.05002,1.0288,0.010001,-0.98,0.028726
6.3,6.3,-9.7653,0.050555,1.2249,0.010028,-0.97998,0.036725
6.32,6.32,-9.76,0.052662,1.4209,0.010135,-0.97992,0.044717
6.34,6.34,-9.7508,0.056342,1.6168,0.010322,-0.97981,0.052694
6.36,6.36,-9.7377,0.061595,1.8125,0.010588,-0.97965,0.060648
6.38,6.38,-9.7207,0.068416,2.0078,0.010932,-0.97944,0.06857
6.4,6.4,-9.6998,0.076799,2.2026,0.011354,-0.97919,0.076452
6.42,6.42,-9.6751,0.086735,2.397,0.011851,-0.97889,0.084287
6.44,6.44,-9.6464,0.098212,2.5908,0.012424,-0.97855,0.092066
6.46,6.46,-9.6139,0.11122,2.7839,0.01307,-0.97816,0.099781
6.48,6.48,-9.5775,0.12573,2.9762,0.013787,-0.97774,0.10742
6.5,6.5,-9.5372,0.14174,3.1677,0.014573,-0.97727,0.11499
6.52,6.52,-9.4932,0.15922,3.3582,0.015426,-0.97676,0.12247
6.54,6.54,-9.4453,0.17815,3.5477,0.016344,-0.97621,0.12985
6.56,6.56,-9.3937,0.1985,3.7361,0.017324,-0.97563,0.13713
6.58,6.58,-9.3383,0.22024,3.9233,0.018363,-0.97502,0.1443
6.6,6.6,-9.2792,0.24334,4.1092,0.019458,-0.97437,0.15136
6.62,6.62,-9.2163,0.26778,4.2938,0.020606,-0.9737,0.15829
6.64,6.64,-9.1498,0.2935,4.477,0.021804,-0.97299,0.1651
6.66,6.66,-9.0796,0.32049,4.6587,0.023047,-0.97226,0.17177
6.68,6.68,-9.0057,0.34869,4.8388,0.024333,-0.97151,0.1783
6.7,6.7,-8.9282,0.37806,5.0172,0.025657,-0.97074,0.18468
6.72,6.72,-8.8472,0.40857,5.1939,0.027016,-0.96994,0.1909
6.74,6.74,-8.7626,0.44017,5.3688,0.028405,-0.96914,0.19697
6.76,6.76,-8.6745,0.47281,5.5418,0.02982,-0.96832,0.20287
6.78,6.78,-8.583,0.50644,5.7128,0.031256,-0.96748,0.2086
6.8,6.8,-8.488,0.54102,5.8819,0.032709,-0.96664,0.21416
6.82,6.82,-8.3896,0.57648,6.0488,0.034175,-0.9658,0.21954
6.84,6.84,-8.2878,0.61278,6.2136,0.035648,-0.96495,0.22473
6.86,6.86,-8.1827,0.64987,6.3762,0.037124,-0.96411,0.22974
6.88,6.88,-8.0743,0.68769,6.5365,0.038597,-0.96326,0.23455
6.9,6.9,-7.9627,0.72617,6.6944,0.040064,-0.96242,0.23917
6.92,6.92,-7.8479,0.76527,6.8499,0.041518,-0.96159,0.24359
6.94,6.94,-7.7299,0.80492,7.003,0.042954,-0.96077,0.24781
6.96,6.96,-7.6088,0.84506,7.1535,0.044368,-0.95996,0.25182
6.98,6.98,-7.4847,0.88564,7.3015,0.045754,-0.95917,0.25563
7,7,-7.3575,0.92659,7.4468,0.047107,-0.9584,0.25923
7.02,7.02,-7.2274,0.96785,7.5894,0.048421,-0.95765,0.26261
7.04,7.04,-7.0944,1.0094,7.7292,0.049692,-0.95692,0.26579
7.06,7.06,-6.9585,1.051,7.8663,0.050913,-0.95622,0.26875
7.08,7.08,-6.8198,1.0929,8.0005,0.052081,-0.95554,0.27149
7.1,7.1,-6.6784,1.1347,8.1318,0.053189,-0.95489,0.27402
7.12,7.12,-6.5343,1.1766,8.2602,0.054231,-0.95428,0.27633
7.14,7.14,-6.3875,1.2184,8.3856,0.055204,-0.95369,0.27843
7.16,7.16,-6.2382,1.26,8.5079,0.056102,-0.95315,0.28031
7.18,7.18,-6.0863,1.3015,8.6272,0.05692,-0.95264,0.28197
7.2,7.2,-5.932,1.3427,8.7434,0.057652,-0.95216,0.28342
7.22,7.22,-5.7752,1.3835,8.8564,0.058294,-0.95173,0.28465
7.24,7.24,-5.6161,1.424,8.9663,0.058841,-0.95134,0.28567
7.26,7.26,-5.4548,1.464,9.0729,0.059288,-0.95099,0.28648
7.28,7.28,-5.2912,1.5036,9.1762,0.059631,-0.95069,0.28707
7.3,7.3,-5.1255,1.5425,9.2763,0.059864,-0.95042,0.28746
7.32,7.32,-4.9577,1.5808,9.373,0.059984,-0.95021,0.28764
7.34,7.34,-4.7879,1.6185,9.4664,0.059986,-0.95004,0.28761
7.36,7.36,-4.6161,1.6554,9.5564,0.059866,-0.94991,0.28738
7.38,7.38,-4.4425,1.6915,9.643,0.05962,-0.94983,0.28695
7.4,7.4,-4.267,1.7267,9.7262,0.059245,-0.9498,0.28633
7.42,7.42,-4.0898,1.761,9.8059,0.058736,-0.94981,0.28551
7.44,7.44,-3.911,1.7944,9.8821,0.058089,-0.94987,0.28451
7.46,7.46,-3.7305,1.8267,9.9548,0.057303,-0.94998,0.28332
7.48,7.48,-3.5485,1.858,10.024,0.056373,-0.95013,0.28194
7.5,7.5,-3.365,1.8882,10.09,0.055296,-0.95033,0.28039
7.52,7.52,-3.1802,1.9172,10.152,0.05407,-0.95057,0.27866
7.54,7.54,-2.9941,1.945,10.21,0.052692,-0.95085,0.27677
7.56,7.56,-2.8067,1.9715,10.265,0.05116,-0.95118,0.27471
7.58,7.58,-2.6182,1.9968,10.317,0.049472,-0.95155,0.27249
7.6,7.6,-2.4286,2.0208,10.364,0.047626,-0.95196,0.27011
7.62,7.62,-2.238,2.0434,10.408,0.045619,-0.95241,0.26758
7.64,7.64,-2.0464,2.0646,10.449,0.043452,-0.9529,0.26491
7.66,7.66,-1.854,2.0843,10.485,0.041122,-0.95343,0.2621
7.68,7.68,-1.6609,2.1027,10.519,0.038628,-0.95399,0.25915
7.7,7.7,-1.467,2.1195,10.548,0.03597,-0.95458,0.25607
7.72,7.72,-1.2726,2.1348,10.574,0.033147,-0.95521,0.25287
7.74,7.74,-1.0776,2.1486,10.596,0.03016,-0.95586,0.24955
7.76,7.76,-0.88213,2.1608,10.614,0.027007,-0.95655,0.24612
7.78,7.78,-0.68631,2.1715,10.629,0.02369,-0.95725,0.24258
7.8,7.8,-0.49019,2.1805,10.64,0.020209,-0.95799,0.23894
7.82,7.82,-0.29386,2.188,10.647,0.016564,-0.95874,0.23521
7.84,7.84,-0.097387,2.1938,10.651,0.012757,-0.95952,0.23139
7.86,7.86,0.09914,2.198,10.651,0.0087891,-0.96031,0.22749
7.88,7.88,0.29564,2.2006,10.647,0.0046616,-0.96111,0.22351
7.9,7.9,0.49204,2.2016,10.64,0.00037634,-0.96193,0.21945
7.92,7.92,0.68826,2.2009,10.629,-0.0040645,-0.96276,0.21534
7.94,7.94,0.88421,2.1986,10.614,-0.0086587,-0.9636,0.21116
7.96,7.96,1.0798,2.1946,10.595,-0.013404,-0.96445,0.20694
7.98,7.98,1.275,2.189,10.573,-0.018296,-0.9653,0.20267
8,8,1.4697,2.1819,10.547,-0.023334,-0.96615,0.19835
8.02,8.02,1.6638,2.173,10.518,-0.028513,-0.967,0.19401
8.04,8.04,1.8572,2.1626,10.485,-0.033831,-0.96785,0.18964
8.06,8.06,2.0499,2.1507,10.448,-0.039282,-0.96869,0.18524
8.08,8.08,2.2418,2.1371,10.408,-0.044864,-0.96952,0.18083
8.1,8.1,2.4328,2.1221,10.364,-0.050572,-0.97035,0.17641
8.12,8.12,2.6228,2.1055,10.317,-0.056401,-0.97117,0.17198
8.14,8.14,2.8118,2.0874,10.266,-0.062347,-0.97197,0.16756
8.16,8.16,2.9996,2.0678,10.211,-0.068405,-0.97276,0.16314
8.18,8.18,3.1862,2.0469,10.153,-0.07457,-0.97353,0.15874
8.2,8.2,3.3716,2.0245,10.091,-0.080836,-0.97429,0.15435
8.22,8.22,3.5556,2.0007,10.026,-0.087199,-0.97502,0.14999
8.24,8.24,3.7382,1.9756,9.9573,-0.093651,-0.97574,0.14566
8.26,8.26,3.9193,1.9493,9.8851,-0.10019,-0.97643,0.14136
8.28,8.28,4.0988,1.9216,9.8096,-0.1068,-0.97709,0.1371
8.3,8.3,4.2767,1.8928,9.7306,-0.11349,-0.97773,0.13289
8.32,8.32,4.4528,1.8628,9.6482,-0.12025,-0.97835,0.12872
8.34,8.34,4.6272,1.8316,9.5624,-0.12706,-0.97894,0.1246
8.36,8.36,4.7997,1.7994,9.4733,-0.13393,-0.9795,0.12055
8.38,8.38,4.9703,1.7662,9.3809,-0.14084,-0.98003,0.11655
8.4,8.4,5.1389,1.7319,9.2852,-0.14779,-0.98053,0.11263
8.42,8.42,5.3055,1.6968,9.1862,-0.15477,-0.981,0.10877
8.44,8.44,5.4699,1.6608,9.084,-0.16178,-0.98143,0.10498
8.46,8.46,5.6322,1.6239,8.9786,-0.16881,-0.98184,0.10127
8.48,8.48,5.7922,1.5863,8.87,-0.17585,-0.98222,0.097647
8.5,8.5,5.9498,1.548,8.7583,-0.18289,-0.98256,0.094103
8.52,8.52,6.1051,1.509,8.6436,-0.18992,-0.98288,0.090646
8.54,8.54,6.258,1.4695,8.5257,-0.19695,-0.98316,0.087278
8.56,8.56,6.4084,1.4294,8.4048,-0.20395,-0.98341,0.084002
8.58,8.58,6.5562,1.3889,8.281,-0.21093,-0.98363,0.080821
8.6,8.6,6.7013,1.3479,8.1542,-0.21788,-0.98382,0.077735
8.62,8.62,6.8438,1.3066,8.0245,-0.22478,-0.98398,0.074748
8.64,8.64,6.9836,1.265,7.892,-0.23163,-0.98412,0.071861
8.66,8.66,7.1206,1.2232,7.7566,-0.23843,-0.98422,0.069075
8.68,8.68,7.2548,1.1813,7.6185,-0.24516,-0.9843,0.066391
8.7,8.7,7.3861,1.1392,7.4777,-0.25182,-0.98435,0.063811
8.72,8.72,7.5144,1.0971,7.3342,-0.25841,-0.98437,0.061335
8.74,8.74,7.6397,1.0551,7.1881,-0.2649,-0.98437,0.058964
8.76,8.76,7.7621,1.0131,7.0394,-0.2713,-0.98435,0.056698
8.78,8.78,7.8813,0.97129,6.8882,-0.2776,-0.9843,0.054537
8.8,8.8,7.9973,0.92971,6.7345,-0.28379,-0.98424,0.052481
8.82,8.82,8.1102,0.88841,6.5785,-0.28987,-0.98416,0.050529
8.84,8.84,8.2199,0.84747,6.42,-0.29582,-0.98405,0.048681
8.86,8.86,8.3263,0.80693,6.2593,-0.30165,-0.98394,0.046937
8.88,8.88,8.4294,0.76686,6.0964,-0.30734,-0.9838,0.045294
8.9,8.9,8.5292,0.72731,5.9313,-0.31288,-0.98366,0.043751
8.92,8.92,8.6256,0.68836,5.7641,-0.31828,-0.9835,0.042308
8.94,8.94,8.7185,0.65006,5.5948,-0.32352,-0.98333,0.040962
8.96,8.96,8.808,0.61246,5.4236,-0.3286,-0.98316,0.039711
8.98,8.98,8.894,0.57562,5.2504,-0.33352,-0.98298,0.038554
9,9,8.9764,0.5396,5.0754,-0.33826,-0.98279,0.037487
9.02,9.02,9.0553,0.50444,4.8986,-0.34282,-0.9826,0.036508
9.04,9.04,9.1306,0.47021,4.7201,-0.3472,-0.9824,0.035615
9.06,9.06,9.2022,0.43695,4.54,-0.35139,-0.98221,0.034804
9.08,9.08,9.2703,0.40472,4.3584,-0.35538,-0.98201,0.034072
9.1,9.1,9.3346,0.37355,4.1752,-0.35918,-0.98182,0.033416
9.12,9.12,9.3952,0.3435,3.9906,-0.36277,-0.98163,0.032833
9.14,9.14,9.4521,0.31462,3.8047,-0.36616,-0.98145,0.032319
9.16,9.16,9.5052,0.28693,3.6176,-0.36933,-0.98127,0.031869
9.18,9.18,9.5546,0.26049,3.4292,-0.37229,-0.9811,0.031481
9.2,9.2,9.6002,0.23533,3.2398,-0.37503,-0.98094,0.03115
9.22,9.22,9.6419,0.21148,3.0493,-0.37755,-0.98079,0.030871
9.24,9.24,9.6798,0.18899,2.8579,-0.37984,-0.98065,0.030642
9.26,9.26,9.7139,0.16789,2.6656,-0.38191,-0.98052,0.030456
9.28,9.28,9.7441,0.14819,2.4726,-0.38374,-0.98041,0.03031
9.3,9.3,9.7704,0.12994,2.2789,-0.38535,-0.9803,0.030199
9.32,9.32,9.7929,0.11316,2.0845,-0.38672,-0.98022,0.030118
9.34,9.34,9.8114,0.097866,1.8897,-0.38785,-0.98014,0.030062
9.36,9.36,9.8261,0.084081,1.6944,-0.38874,-0.98008,0.030028
9.38,9.38,9.8368,0.071825,1.4988,-0.3894,-0.98004,0.030009
9.4,9.4,9.8436,0.061112,1.3029,-0.38982,-0.98001,0.030002
9.42,9.42,9.8465,0.051956,1.1069,-0.38999,-0.98,0.03
9.44,9.44,9.8455,0.044366,0.91071,-0.38993,-0.98,0.03
9.46,9.46,9.8406,0.038351,0.71457,-0.38963,-0.98002,0.029996
9.48,9.48,9.8317,0.033916,0.51852,-0.38909,-0.98006,0.029983
9.5,9.5,9.8189,0.031063,0.32265,-0.3883,-0.98011,0.029956
9.52,9.52,9.8022,0.029793,0.12705,-0.38729,-0.98018,0.029912
9.54,9.54,9.7816,0.030103,-0.068196,-0.38603,-0.98026,0.029844
9.56,9.56,9.7571,0.031988,-0.263,-0.38454,-0.98036,0.029747
9.58,9.58,9.7287,0.035441,-0.45727,-0.38282,-0.98047,0.029619
9.6,9.6,9.6964,0.040451,-0.65092,-0.38086,-0.98059,0.029452
9.62,9.62,9.6602,0.047005,-0.84386,-0.37867,-0.98072,0.029244
9.64,9.64,9.6202,0.055089,-1.036,-0.37626,-0.98087,0.028989
9.66,9.66,9.5764,0.064684,-1.2273,-0.37363,-0.98103,0.028684
9.68,9.68,9.5287,0.075771,-1.4176,-0.37077,-0.98119,0.028324
9.7,9.7,9.4772,0.088326,-1.6068,-0.3677,-0.98136,0.027904
9.72,9.72,9.4219,0.10232,-1.7949,-0.36442,-0.98155,0.027421
9.74,9.74,9.3629,0.11774,-1.9818,-0.36092,-0.98173,0.026871
9.76,9.76,9.3001,0.13454,-2.1674,-0.35722,-0.98192,0.026251
9.78,9.78,9.2336,0.1527,-2.3516,-0.35332,-0.98211,0.025556
9.8,9.8,9.1634,0.17217,-2.5343,-0.34922,-0.98231,0.024783
9.82,9.82,9.0896,0.19293,-2.7154,-0.34494,-0.9825,0.023929
9.84,9.84,9.0121,0.21494,-2.895,-0.34046,-0.9827,0.022992
9.86,9.86,8.9311,0.23815,-3.0728,-0.3358,-0.98289,0.021967
9.88,9.88,8.8464,0.26253,-3.2488,-0.33097,-0.98307,0.020853
9.9,9.9,8.7583,0.28802,-3.423,-0.32597,-0.98325,0.019647
9.92,9.92,8.6666,0.31459,-3.5953,-0.3208,-0.98342,0.018347
9.94,9.94,8.5715,0.34218,-3.7655,-0.31548,-0.98359,0.016951
9.96,9.96,8.473,0.37075,-3.9336,-0.31,-0.98374,0.015456
9.98,9.98,8.371,0.40025,-4.0996,-0.30438,-0.98388,0.013861
10,10,8.2658,0.43062,-4.2634,-0.29862,-0.984,0.012165
10.02,10.02,8.1572,0.46181,-4.4249,-0.29273,-0.98411,0.010367
10.04,10.04,8.0454,0.49376,-4.584,-0.28671,-0.9842,0.0084646
10.06,10.06,7.9304,0.52643,-4.7408,-0.28057,-0.98428,0.0064585
10.08,10.08,7.8122,0.55975,-4.895,-0.27432,-0.98433,0.0043476
10.1,10.1,7.691,0.59366,-5.0467,-0.26797,-0.98436,0.0021318
10.12,10.12,7.5666,0.62811,-5.1958,-0.26152,-0.98437,-0.0001892
10.14,10.14,7.4393,0.66304,-5.3422,-0.25498,-0.98436,-0.0026151
10.16,10.16,7.3089,0.69838,-5.4859,-0.24835,-0.98432,-0.0051454
10.18,10.18,7.1757,0.73408,-5.6268,-0.24166,-0.98426,-0.0077796
10.2,10.2,7.0397,0.77007,-5.7649,-0.23489,-0.98417,-0.010517
10.22,10.22,6.9008,0.8063,-5.9002,-0.22806,-0.98405,-0.013356
10.24,10.24,6.7592,0.8427,-6.0325,-0.22118,-0.9839,-0.016296
10.26,10.26,6.6149,0.87921,-6.1618,-0.21425,-0.98373,-0.019334
10.28,10.28,6.468,0.91577,-6.2881,-0.20729,-0.98352,-0.02247
10.3,10.3,6.3186,0.95231,-6.4114,-0.2003,-0.98328,-0.025701
10.32,10.32,6.1666,0.98878,-6.5315,-0.19328,-0.98302,-0.029026
10.34,10.34,6.0122,1.0251,-6.6486,-0.18625,-0.98272,-0.03244
10.36,10.36,5.8554,1.0612,-6.7624,-0.17921,-0.98239,-0.035943
10.38,10.38,5.6964,1.0971,-6.873,-0.17217,-0.98203,-0.039531
10.4,10.4,5.535,1.1327,-6.9803,-0.16514,-0.98163,-0.0432
10.42,10.42,5.3715,1.1678,-7.0844,-0.15812,-0.98121,-0.046949
10.44,10.44,5.2059,1.2026,-7.1851,-0.15112,-0.98075,-0.050773
10.46,10.46,5.0382,1.2368,-7.2825,-0.14416,-0.98027,-0.054668
10.48,10.48,4.8685,1.2705,-7.3765,-0.13722,-0.97975,-0.058632
10.5,10.5,4.697,1.3036,-7.4671,-0.13033,-0.97921,-0.062659
10.52,10.52,4.5235,1.336,-7.5543,-0.12349,-0.97863,-0.066746
10.54,10.54,4.3484,1.3678,-7.638,-0.11671,-0.97803,-0.070888
10.56,10.56,4.1715,1.3987,-7.7182,-0.10999,-0.9774,-0.075081
10.58,10.58,3.9929,1.4288,-7.7949,-0.10334,-0.97675,-0.07932
10.6,10.6,3.8128,1.4581,-7.8681,-0.096765,-0.97607,-0.083601
10.62,10.62,3.6313,1.4864,-7.9377,-0.090271,-0.97537,-0.087918
10.64,10.64,3.4483,1.5138,-8.0038,-0.083864,-0.97464,-0.092266
10.66,10.66,3.2639,1.5402,-8.0663,-0.077552,-0.9739,-0.096641
10.68,10.68,3.0783,1.5655,-8.1252,-0.071337,-0.97313,-0.10104
10.7,10.7,2.8915,1.5897,-8.1805,-0.065228,-0.97235,-0.10545
10.72,10.72,2.7036,1.6128,-8.2322,-0.059228,-0.97155,-0.10987
10.74,10.74,2.5146,1.6348,-8.2802,-0.053342,-0.97074,-0.11429
10.76,10.76,2.3246,1.6555,-8.3246,-0.047576,-0.96992,-0.11872
10.78,10.78,2.1338,1.675,-8.3654,-0.041933,-0.96909,-0.12313
10.8,10.8,1.9421,1.6932,-8.4024,-0.036419,-0.96825,-0.12754
10.82,10.82,1.7496,1.7102,-8.4359,-0.031037,-0.9674,-0.13192
10.84,10.84,1.5565,1.7258,-8.4656,-0.025791,-0.96655,-0.13628
10.86,10.86,1.3628,1.74,-8.4917,-0.020685,-0.9657,-0.14061
10.88,10.88,1.1686,1.7529,-8.514,-0.015723,-0.96485,-0.1449
10.9,10.9,0.97396,1.7644,-8.5327,-0.010907,-0.964,-0.14915
10.92,10.92,0.77893,1.7745,-8.5477,-0.0062406,-0.96316,-0.15335
10.94,10.94,0.58361,1.7832,-8.559,-0.0017262,-0.96233,-0.1575
10.96,10.96,0.38808,1.7904,-8.5667,0.0026336,-0.9615,-0.16158
10.98,10.98,0.19242,1.7961,-8.5706,0.0068368,-0.96069,-0.16559
11,11,-0.0033131,1.8004,-8.5708,0.010881,-0.95989,-0.16953
11.02,11.02,-0.19902,1.8033,-8.5674,0.014765,-0.95911,-0.1734
11.04,11.04,-0.39464,1.8046,-8.5603,0.018488,-0.95834,-0.17717
11.06,11.06,-0.59009,1.8045,-8.5494,0.022047,-0.9576,-0.18086
11.08,11.08,-0.78529,1.8029,-8.5349,0.025443,-0.95688,-0.18444
11.1,11.1,-0.98016,1.7999,-8.5168,0.028674,-0.95619,-0.18793
11.12,11.12,-1.1746,1.7954,-8.4949,0.031741,-0.95552,-0.1913
11.14,11.14,-1.3686,1.7894,-8.4695,0.034642,-0.95488,-0.19456
11.16,11.16,-1.5621,1.782,-8.4403,0.037379,-0.95427,-0.19769
11.18,11.18,-1.7549,1.7731,-8.4075,0.039951,-0.95369,-0.2007
11.2,11.2,-1.947,1.7628,-8.3711,0.042359,-0.95315,-0.20358
11.22,11.22,-2.1383,1.7511,-8.3311,0.044604,-0.95264,-0.20632
11.24,11.24,-2.3288,1.7381,-8.2874,0.046687,-0.95217,-0.20892
11.26,11.26,-2.5183,1.7236,-8.2402,0.04861,-0.95174,-0.21137
11.28,11.28,-2.7069,1.7079,-8.1893,0.050373,-0.95135,-0.21366
11.3,11.3,-2.8943,1.6908,-8.1349,0.05198,-0.95101,-0.2158
11.32,11.32,-3.0806,1.6724,-8.0769,0.053431,-0.9507,-0.21778
11.34,11.34,-3.2657,1.6528,-8.0154,0.054729,-0.95044,-0.21959
11.36,11.36,-3.4494,1.6319,-7.9504,0.055877,-0.95022,-0.22122
11.38,11.38,-3.6318,1.6099,-7.8819,0.056876,-0.95004,-0.22268
11.4,11.4,-3.8127,1.5867,-7.8098,0.057731,-0.94992,-0.22396
11.42,11.42,-3.9921,1.5624,-7.7343,0.058444,-0.94983,-0.22506
11.44,11.44,-4.17,1.537,-7.6554,0.059018,-0.9498,-0.22596
11.46,11.46,-4.3461,1.5106,-7.573,0.059457,-0.94981,-0.22668
11.48,11.48,-4.5205,1.4832,-7.4873,0.059765,-0.94987,-0.2272
11.5,11.5,-4.6931,1.4549,-7.3981,0.059944,-0.94997,-0.22753
11.52,11.52,-4.8639,1.4256,-7.3056,0.06,-0.95012,-0.22765
11.54,11.54,-5.0327,1.3955,-7.2098,0.059936,-0.95031,-0.22757
11.56,11.56,-5.1994,1.3646,-7.1107,0.059756,-0.95056,-0.22728
11.58,11.58,-5.3641,1.333,-7.0083,0.059465,-0.95084,-0.22679
11.6,11.6,-5.5267,1.3007,-6.9027,0.059067,-0.95117,-0.22608
11.62,11.62,-5.687,1.2677,-6.7939,0.058568,-0.95154,-0.22516
11.64,11.64,-5.8451,1.2341,-6.682,0.05797,-0.95195,-0.22404
11.66,11.66,-6.0008,1.2,-6.5668,0.057281,-0.95241,-0.22269
11.68,11.68,-6.1542,1.1655,-6.4486,0.056503,-0.9529,-0.22113
11.7,11.7,-6.305,1.1305,-6.3274,0.055643,-0.95343,-0.21936
11.72,11.72,-6.4534,1.0951,-6.2031,0.054705,-0.95399,-0.21736
11.74,11.74,-6.5991,1.0595,-6.0758,0.053695,-0.95459,-0.21515
11.76,11.76,-6.7422,1.0236,-5.9456,0.052618,-0.95523,-0.21273
11.78,11.78,-6.8826,0.98758,-5.8125,0.051478,-0.95589,-0.21009
11.8,11.8,-7.0202,0.95141,-5.6766,0.050282,-0.95658,-0.20723
11.82,11.82,-7.155,0.91519,-5.5379,0.049034,-0.9573,-0.20416
11.84,11.84,-7.287,0.87897,-5.3964,0.04774,-0.95804,-0.20087
11.86,11.86,-7.416,0.84282,-5.2522,0.046405,-0.9588,-0.19737
11.88,11.88,-7.542,0.8068,-5.1054,0.045034,-0.95958,-0.19367
11.9,11.9,-7.665,0.77097,-4.9559,0.043633,-0.96038,-0.18975
11.92,11.92,-7.7849,0.73539,-4.804,0.042206,-0.9612,-0.18563
11.94,11.94,-7.9017,0.70012,-4.6495,0.04076,-0.96202,-0.18131
11.96,11.96,-8.0153,0.66523,-4.4927,0.039299,-0.96286,-0.17678
11.98,11.98,-8.1257,0.63077,-4.3334,0.037828,-0.9637,-0.17206
12,12,-8.2328,0.5968,-4.1719,0.036353,-0.96455,-0.16715
12.02,12.02,-8.3366,0.56338,-4.0081,0.034878,-0.9654,-0.16204
12.04,12.04,-8.437,0.53058,-3.8421,0.033408,-0.96624,-0.15675
12.06,12.06,-8.534,0.49844,-3.674,0.031948,-0.96708,-0.15128
12.08,12.08,-8.6276,0.46702,-3.5039,0.030503,-0.96792,-0.14563
12.1,12.1,-8.7177,0.43639,-3.3318,0.029078,-0.96875,-0.13981
12.12,12.12,-8.8043,0.40658,-3.1577,0.027676,-0.96956,-0.13382
12.14,12.14,-8.8874,0.37766,-2.9819,0.026302,-0.97036,-0.12767
12.16,12.16,-8.9669,0.34968,-2.8043,0.024961,-0.97114,-0.12136
12.18,12.18,-9.0427,0.32268,-2.625,0.023657,-0.97191,-0.11491
12.2,12.2,-9.115,0.29672,-2.444,0.022392,-0.97265,-0.1083
12.22,12.22,-9.1835,0.27183,-2.2616,0.021172,-0.97336,-0.10156
12.24,12.24,-9.2484,0.24808,-2.0776,0.02,-0.97405,-0.094689
12.26,12.26,-9.3095,0.22549,-1.8923,0.018879,-0.97471,-0.08769
12.28,12.28,-9.3668,0.20411,-1.7057,0.017813,-0.97534,-0.080572
12.3,12.3,-9.4204,0.18398,-1.5178,0.016805,-0.97594,-0.073341
12.32,12.32,-9.4702,0.16514,-1.3289,0.015857,-0.9765,-0.066006
12.34,12.34,-9.5162,0.14762,-1.1388,0.014972,-0.97703,-0.058573
12.36,12.36,-9.5584,0.13146,-0.94778,0.014154,-0.97752,-0.051049
12.38,12.38,-9.5967,0.11668,-0.75586,0.013403,-0.97796,-0.043442
12.4,12.4,-9.6312,0.10332,-0.56313,0.012723,-0.97837,-0.03576
12.42,12.42,-9.6617,0.091403,-0.36968,0.012116,-0.97873,-0.028011
12.44,12.44,-9.6884,0.080951,-0.17558,0.011582,-0.97905,-0.020202
12.46,12.46,-9.7112,0.071987,0.019061,0.011124,-0.97933,-0.012342
12.48,12.48,-9.7301,0.06453,0.21417,0.010743,-0.97955,-0.0044376
12.5,12.5,-9.7451,0.058598,0.40966,0.010439,-0.97974,0.003502
12.52,12.52,-9.7561,0.054204,0.60544,0.010215,-0.97987,0.011469
12.54,12.54,-9.7632,0.051362,0.80143,0.01007,-0.97996,0.019455
12.56,12.56,-9.7665,0.05008,0.99753,0.010004,-0.98,0.027452
12.58,12.58,-9.7657,0.050365,1.1937,0.010019,-0.97999,0.035451
12.6,12.6,-9.7611,0.052221,1.3897,0.010113,-0.97993,0.043445
12.62,12.62,-9.7526,0.055651,1.5856,0.010287,-0.97983,0.051425
12.64,12.64,-9.7401,0.060653,1.7813,0.01054,-0.97968,0.059383
12.66,12.66,-9.7237,0.067225,1.9767,0.010872,-0.97948,0.067311
12.68,12.68,-9.7034,0.075359,2.1716,0.011281,-0.97923,0.0752
12.7,12.7,-9.6793,0.085049,2.3661,0.011767,-0.97894,0.083043
12.72,12.72,-9.6512,0.096282,2.56,0.012328,-0.97861,0.090831
12.74,12.74,-9.6193,0.10904,2.7532,0.012962,-0.97823,0.098557
12.76,12.76,-9.5835,0.12332,2.9456,0.013668,-0.97781,0.10621
12.78,12.78,-9.5439,0.13909,3.1372,0.014443,-0.97734,0.11379
12.8,12.8,-9.5005,0.15634,3.3279,0.015286,-0.97684,0.12128
12.82,12.82,-9.4532,0.17504,3.5176,0.016194,-0.9763,0.12868
12.84,12.84,-9.4022,0.19516,3.7062,0.017164,-0.97573,0.13598
12.86,12.86,-9.3474,0.21669,3.8936,0.018194,-0.97512,0.14317
12.88,12.88,-9.2888,0.23957,4.0797,0.01928,-0.97448,0.15024
12.9,12.9,-9.2266,0.2638,4.2645,0.02042,-0.97381,0.1572
12.92,12.92,-9.1606,0.28932,4.4479,0.02161,-0.97311,0.16403
12.94,12.94,-9.091,0.31611,4.6299,0.022846,-0.97238,0.17072
12.96,12.96,-9.0177,0.34412,4.8102,0.024126,-0.97163,0.17727
12.98,12.98,-8.9408,0.37331,4.9889,0.025444,-0.97086,0.18367
13,13,-8.8604,0.40364,5.1659,0.026797,-0.97007,0.18992
13.02,13.02,-8.7763,0.43507,5.341,0.028182,-0.96927,0.19601
13.04,13.04,-8.6888,0.46754,5.5143,0.029593,-0.96845,0.20194
13.06,13.06,-8.5978,0.50102,5.6857,0.031026,-0.96762,0.2077
13.08,13.08,-8.5033,0.53545,5.8551,0.032477,-0.96678,0.21329
13.1,13.1,-8.4055,0.57078,6.0224,0.033941,-0.96593,0.21869
13.12,13.12,-8.3042,0.60695,6.1875,0.035413,-0.96509,0.22392
13.14,13.14,-8.1996,0.64391,6.3504,0.036889,-0.96424,0.22895
13.16,13.16,-8.0918,0.68162,6.5111,0.038363,-0.9634,0.2338
13.18,13.18,-7.9807,0.72,6.6694,0.039831,-0.96256,0.23845
13.2,13.2,-7.8664,0.759,6.8253,0.041287,-0.96172,0.2429
13.22,13.22,-7.7489,0.79857,6.9788,0.042727,-0.9609,0.24715
13.24,13.24,-7.6283,0.83864,7.1297,0.044144,-0.96009,0.2512
13.26,13.26,-7.5046,0.87915,7.2781,0.045535,-0.9593,0.25504
13.28,13.28,-7.378,0.92005,7.4238,0.046894,-0.95852,0.25867
13.3,13.3,-7.2483,0.96126,7.5668,0.048215,-0.95777,0.26209
13.32,13.32,-7.1158,1.0027,7.7071,0.049493,-0.95703,0.2653
13.34,13.34,-6.9803,1.0444,7.8447,0.050722,-0.95633,0.26829
13.36,13.36,-6.8421,1.0862,7.9793,0.051899,-0.95564,0.27107
13.38,13.38,-6.7011,1.128,8.1111,0.053016,-0.95499,0.27363
13.4,13.4,-6.5574,1.1699,8.24,0.05407,-0.95437,0.27598
13.42,13.42,-6.4111,1.2117,8.3658,0.055054,-0.95378,0.27811
13.44,13.44,-6.2621,1.2534,8.4887,0.055964,-0.95323,0.28002
13.46,13.46,-6.1106,1.2949,8.6084,0.056795,-0.95272,0.28172
13.48,13.48,-5.9567,1.3361,8.7251,0.057541,-0.95224,0.2832
13.5,13.5,-5.8003,1.377,8.8386,0.058198,-0.9518,0.28447
13.52,13.52,-5.6416,1.4176,8.949,0.05876,-0.9514,0.28552
13.54,13.54,-5.4806,1.4577,9.0561,0.059224,-0.95104,0.28636
13.56,13.56,-5.3174,1.4973,9.16,0.059583,-0.95073,0.28699
13.58,13.58,-5.152,1.5364,9.2606,0.059834,-0.95046,0.28741
13.6,13.6,-4.9846,1.5748,9.3579,0.059973,-0.95024,0.28762
13.62,13.62,-4.8151,1.6125,9.4518,0.059994,-0.95006,0.28763
13.64,13.64,-4.6436,1.6495,9.5423,0.059894,-0.94993,0.28743
13.66,13.66,-4.4703,1.6858,9.6295,0.059668,-0.94984,0.28704
13.68,13.68,-4.2951,1.7211,9.7132,0.059313,-0.9498,0.28644
13.7,13.7,-4.1182,1.7556,9.7934,0.058826,-0.94981,0.28566
13.72,13.72,-3.9396,1.7891,9.8702,0.058202,-0.94986,0.28468
13.74,13.74,-3.7593,1.8216,9.9435,0.057437,-0.94996,0.28352
13.76,13.76,-3.5776,1.8531,10.013,0.05653,-0.9501,0.28217
13.78,13.78,-3.3943,1.8834,10.079,0.055477,-0.95029,0.28065
13.8,13.8,-3.2097,1.9126,10.142,0.054275,-0.95053,0.27895
13.82,13.82,-3.0238,1.9406,10.201,0.052922,-0.95081,0.27708
13.84,13.84,-2.8366,1.9674,10.257,0.051415,-0.95113,0.27505
13.86,13.86,-2.6483,1.9929,10.309,0.049751,-0.95149,0.27285
13.88,13.88,-2.4588,2.017,10.357,0.04793,-0.9519,0.2705
13.9,13.9,-2.2684,2.0399,10.401,0.04595,-0.95234,0.26799
13.92,13.92,-2.077,2.0613,10.442,0.043808,-0.95282,0.26534
13.94,13.94,-1.8847,2.0813,10.48,0.041504,-0.95334,0.26255
13.96,13.96,-1.6917,2.0998,10.514,0.039036,-0.9539,0.25963
13.98,13.98,-1.4979,2.1169,10.544,0.036404,-0.95449,0.25657
14,14,-1.3036,2.1325,10.57,0.033608,-0.95511,0.25339
14.02,14.02,-1.1087,2.1465,10.593,0.030647,-0.95576,0.25009
14.04,14.04,-0.91329,2.159,10.612,0.02752,-0.95643,0.24667
14.06,14.06,-0.71752,2.1699,10.627,0.024229,-0.95714,0.24315
14.08,14.08,-0.52144,2.1792,10.638,0.020774,-0.95787,0.23953
14.1,14.1,-0.32514,2.1869,10.646,0.017156,-0.95862,0.23581
14.12,14.12,-0.12868,2.193,10.651,0.013374,-0.95939,0.232
14.14,14.14,0.067839,2.1975,10.651,0.0094318,-0.96018,0.22811
14.16,14.16,0.26435,2.2003,10.648,0.0053295,-0.96098,0.22414
14.18,14.18,0.46077,2.2015,10.641,0.0010693,-0.9618,0.2201
14.2,14.2,0.65702,2.2011,10.631,-0.0033469,-0.96263,0.216
14.22,14.22,0.85302,2.1991,10.616,-0.0079168,-0.96347,0.21183
14.24,14.24,1.0487,2.1954,10.599,-0.012638,-0.96431,0.20761
14.26,14.26,1.2439,2.19,10.577,-0.017507,-0.96516,0.20335
14.28,14.28,1.4387,2.1831,10.552,-0.022522,-0.96601,0.19904
14.3,14.3,1.6329,2.1746,10.523,-0.027679,-0.96686,0.1947
14.32,14.32,1.8265,2.1644,10.49,-0.032975,-0.96771,0.19033
14.34,14.34,2.0193,2.1527,10.454,-0.038405,-0.96855,0.18594
14.36,14.36,2.2113,2.1394,10.415,-0.043966,-0.96939,0.18153
14.38,14.38,2.4024,2.1246,10.371,-0.049654,-0.97022,0.17711
14.4,14.4,2.5926,2.1082,10.324,-0.055464,-0.97104,0.17269
14.42,14.42,2.7817,2.0904,10.274,-0.061392,-0.97184,0.16826
14.44,14.44,2.9698,2.0711,10.22,-0.067433,-0.97264,0.16384
14.46,14.46,3.1566,2.0503,10.162,-0.073581,-0.97341,0.15944
14.48,14.48,3.3422,2.0281,10.101,-0.079832,-0.97417,0.15505
14.5,14.5,3.5264,2.0046,10.037,-0.086179,-0.97491,0.15068
14.52,14.52,3.7092,1.9797,9.9684,-0.092618,-0.97562,0.14635
14.54,14.54,3.8906,1.9535,9.8968,-0.099142,-0.97632,0.14204
14.56,14.56,4.0703,1.9261,9.8218,-0.10575,-0.97699,0.13778
14.58,14.58,4.2485,1.8975,9.7434,-0.11242,-0.97763,0.13355
14.6,14.6,4.4249,1.8676,9.6615,-0.11917,-0.97825,0.12938
14.62,14.62,4.5996,1.8367,9.5763,-0.12597,-0.97884,0.12526
14.64,14.64,4.7724,1.8046,9.4877,-0.13283,-0.97941,0.12119
14.66,14.66,4.9433,1.7715,9.3958,-0.13973,-0.97994,0.11719
14.68,14.68,5.1122,1.7374,9.3006,-0.14668,-0.98045,0.11325
14.7,14.7,5.2791,1.7024,9.2022,-0.15366,-0.98092,0.10938
14.72,14.72,5.4439,1.6666,9.1005,-0.16066,-0.98137,0.10558
14.74,14.74,5.6065,1.6298,8.9956,-0.16769,-0.98178,0.10186
14.76,14.76,5.7668,1.5923,8.8875,-0.17472,-0.98216,0.098219
14.78,14.78,5.9249,1.5541,8.7763,-0.18176,-0.98251,0.094662
14.8,14.8,6.0806,1.5153,8.662,-0.1888,-0.98283,0.091191
14.82,14.82,6.2338,1.4758,8.5447,-0.19583,-0.98312,0.087808
14.84,14.84,6.3846,1.4358,8.4243,-0.20284,-0.98337,0.084518
14.86,14.86,6.5328,1.3954,8.3009,-0.20982,-0.9836,0.081321
14.88,14.88,6.6784,1.3545,8.1746,-0.21677,-0.98379,0.07822
14.9,14.9,6.8213,1.3132,8.0454,-0.22368,-0.98396,0.075217
14.92,14.92,6.9616,1.2717,7.9133,-0.23055,-0.9841,0.072314
14.94,14.94,7.099,1.2299,7.7784,-0.23735,-0.9842,0.069512
14.96,14.96,7.2336,1.1879,7.6407,-0.2441,-0.98429,0.066812
14.98,14.98,7.3654,1.1459,7.5003,-0.25077,-0.98434,0.064215
15,15,7.4942,1.1038,7.3572,-0.25736,-0.98437,0.061723
15.02,15.02,7.62,1.0617,7.2115,-0.26387,-0.98437,0.059335
15.04,15.04,7.7428,1.0198,7.0632,-0.27029,-0.98435,0.057052
15.06,15.06,7.8625,0.97793,6.9124,-0.27661,-0.98431,0.054874
15.08,15.08,7.9791,0.93631,6.7592,-0.28281,-0.98425,0.052801
15.1,15.1,8.0925,0.89497,6.6035,-0.28891,-0.98417,0.050833
15.12,15.12,8.2027,0.85396,6.4454,-0.29488,-0.98407,0.048969
15.14,15.14,8.3096,0.81335,6.2851,-0.30073,-0.98396,0.047208
15.16,15.16,8.4132,0.7732,6.1225,-0.30644,-0.98383,0.045549
15.18,15.18,8.5135,0.73357,5.9577,-0.31201,-0.98368,0.04399
15.2,15.2,8.6104,0.69452,5.7908,-0.31743,-0.98353,0.042531
15.22,15.22,8.7039,0.65611,5.6219,-0.3227,-0.98336,0.04117
15.24,15.24,8.794,0.6184,5.451,-0.32781,-0.98319,0.039904
15.26,15.26,8.8805,0.58143,5.2781,-0.33275,-0.98301,0.038732
15.28,15.28,8.9635,0.54528,5.1034,-0.33751,-0.98282,0.037651
15.3,15.3,9.043,0.50998,4.9269,-0.34211,-0.98263,0.036658
15.32,15.32,9.1188,0.4756,4.7487,-0.34651,-0.98243,0.035751
15.34,15.34,9.1911,0.44218,4.5688,-0.35073,-0.98224,0.034927
15.36,15.36,9.2597,0.40978,4.3874,-0.35476,-0.98204,0.034183
15.38,15.38,9.3246,0.37844,4.2045,-0.35859,-0.98185,0.033516
15.4,15.4,9.3858,0.34821,4.0201,-0.36221,-0.98166,0.032921
15.42,15.42,9.4433,0.31914,3.8344,-0.36563,-0.98148,0.032396
15.44,15.44,9.497,0.29126,3.6474,-0.36884,-0.9813,0.031937
15.46,15.46,9.547,0.26461,3.4593,-0.37184,-0.98113,0.031539
15.48,15.48,9.5932,0.23925,3.27,-0.37461,-0.98097,0.031199
15.5,15.5,9.6355,0.21519,3.0797,-0.37716,-0.98082,0.030912
15.52,15.52,9.6741,0.19248,2.8884,-0.37949,-0.98067,0.030675
15.54,15.54,9.7087,0.17115,2.6963,-0.3816,-0.98054,0.030483
15.56,15.56,9.7396,0.15123,2.5034,-0.38347,-0.98043,0.030331
15.58,15.58,9.7665,0.13275,2.3098,-0.38511,-0.98032,0.030214
15.6,15.6,9.7896,0.11573,2.1155,-0.38651,-0.98023,0.030129
15.62,15.62,9.8087,0.1002,1.9208,-0.38768,-0.98015,0.03007
15.64,15.64,9.824,0.086175,1.7255,-0.38862,-0.98009,0.030032
15.66,15.66,9.8354,0.073674,1.53,-0.38931,-0.98005,0.030011
15.68,15.68,9.8428,0.062715,1.3341,-0.38977,-0.98002,0.030002
15.7,15.7,9.8463,0.05331,1.1381,-0.38998,-0.98,0.03
15.72,15.72,9.8459,0.04547,0.94195,-0.38996,-0.98,0.03
15.74,15.74,9.8416,0.039203,0.74581,-0.38969,-0.98002,0.029997
15.76,15.76,9.8334,0.034516,0.54974,-0.38919,-0.98005,0.029986
15.78,15.78,9.8212,0.031411,0.35383,-0.38845,-0.9801,0.029962
15.8,15.8,9.8051,0.029889,0.15818,-0.38746,-0.98017,0.02992
15.82,15.82,9.7851,0.029948,-0.037127,-0.38625,-0.98025,0.029856
15.84,15.84,9.7612,0.031583,-0.23201,-0.38479,-0.98034,0.029765
15.86,15.86,9.7335,0.034787,-0.42637,-0.38311,-0.98045,0.029641
15.88,15.88,9.7018,0.039549,-0.62012,-0.38119,-0.98057,0.029482
15.9,15.9,9.6662,0.045859,-0.81318,-0.37904,-0.9807,0.02928
15.92,15.92,9.6268,0.0537,-1.0055,-0.37666,-0.98085,0.029033
15.94,15.94,9.5836,0.063056,-1.1969,-0.37406,-0.981,0.028736
15.96,15.96,9.5365,0.073906,-1.3873,-0.37124,-0.98116,0.028385
15.98,15.98,9.4856,0.086229,-1.5767,-0.36821,-0.98134,0.027975
16,16,9.431,0.099999,-1.765,-0.36495,-0.98152,0.027502
16.02,16.02,9.3725,0.11519,-1.9521,-0.36149,-0.9817,0.026963
16.04,16.04,9.3104,0.13177,-2.1379,-0.35782,-0.98189,0.026354
16.06,16.06,9.2445,0.14972,-2.3223,-0.35396,-0.98208,0.025672
16.08,16.08,9.1749,0.16898,-2.5053,-0.34989,-0.98228,0.024911
16.1,16.1,9.1016,0.18954,-2.6867,-0.34563,-0.98247,0.024071
16.12,16.12,9.0247,0.21135,-2.8665,-0.34119,-0.98267,0.023147
16.14,16.14,8.9442,0.23437,-3.0446,-0.33656,-0.98286,0.022136
16.16,16.16,8.8602,0.25857,-3.2209,-0.33175,-0.98304,0.021037
16.18,16.18,8.7726,0.28389,-3.3954,-0.32678,-0.98322,0.019846
16.2,16.2,8.6815,0.31029,-3.568,-0.32164,-0.9834,0.018561
16.22,16.22,8.5869,0.33772,-3.7385,-0.31634,-0.98356,0.017179
16.24,16.24,8.4889,0.36614,-3.907,-0.31089,-0.98371,0.0157
16.26,16.26,8.3875,0.39549,-4.0734,-0.30529,-0.98385,0.014122
16.28,16.28,8.2828,0.42572,-4.2375,-0.29955,-0.98398,0.012442
16.3,16.3,8.1747,0.45679,-4.3993,-0.29368,-0.98409,0.01066
16.32,16.32,8.0634,0.48862,-4.5589,-0.28768,-0.98419,0.0087745
16.34,16.34,7.9489,0.52118,-4.716,-0.28156,-0.98427,0.006785
16.36,16.36,7.8313,0.5544,-4.8706,-0.27533,-0.98432,0.0046908
16.38,16.38,7.7105,0.58822,-5.0227,-0.26899,-0.98436,0.0024917
16.4,16.4,7.5866,0.62259,-5.1722,-0.26255,-0.98437,0.00018748
16.42,16.42,7.4597,0.65744,-5.319,-0.25603,-0.98436,-0.0022217
16.44,16.44,7.3299,0.69272,-5.4632,-0.24941,-0.98433,-0.0047354
16.46,16.46,7.1971,0.72837,-5.6046,-0.24273,-0.98427,-0.0073532
16.48,16.48,7.0615,0.76432,-5.7431,-0.23597,-0.98418,-0.010074
16.5,16.5,6.9231,0.80052,-5.8788,-0.22915,-0.98407,-0.012897
16.52,16.52,6.7819,0.83689,-6.0116,-0.22228,-0.98393,-0.015821
16.54,16.54,6.6381,0.87339,-6.1414,-0.21536,-0.98376,-0.018844
16.56,16.56,6.4916,0.90994,-6.2682,-0.2084,-0.98356,-0.021964
16.58,16.58,6.3425,0.94649,-6.392,-0.20141,-0.98332,-0.025181
16.6,16.6,6.191,0.98298,-6.5126,-0.1944,-0.98306,-0.02849
16.62,16.62,6.037,1.0193,-6.6301,-0.18737,-0.98277,-0.031891
16.64,16.64,5.8806,1.0555,-6.7445,-0.18033,-0.98244,-0.035379
16.66,16.66,5.7218,1.0914,-6.8556,-0.17329,-0.98209,-0.038954
16.68,16.68,5.5609,1.127,-6.9635,-0.16626,-0.9817,-0.042611
16.7,16.7,5.3977,1.1623,-7.0681,-0.15924,-0.98128,-0.046347
16.72,16.72,5.2324,1.1971,-7.1693,-0.15224,-0.98083,-0.050159
16.74,16.74,5.065,1.2314,-7.2673,-0.14526,-0.98035,-0.054043
16.76,16.76,4.8957,1.2652,-7.3618,-0.13832,-0.97984,-0.057996
16.78,16.78,4.7244,1.2984,-7.4529,-0.13143,-0.9793,-0.062013
16.8,16.8,4.5513,1.3309,-7.5406,-0.12458,-0.97873,-0.066091
16.82,16.82,4.3764,1.3628,-7.6249,-0.11779,-0.97813,-0.070225
16.84,16.84,4.1997,1.3938,-7.7057,-0.11106,-0.9775,-0.07441
16.86,16.86,4.0215,1.4241,-7.7829,-0.10439,-0.97685,-0.078642
16.88,16.88,3.8416,1.4535,-7.8567,-0.097807,-0.97618,-0.082916
16.9,16.9,3.6603,1.482,-7.9269,-0.091299,-0.97548,-0.087228
16.92,16.92,3.4775,1.5095,-7.9935,-0.084879,-0.97476,-0.091572
16.94,16.94,3.2934,1.536,-8.0566,-0.07855,-0.97402,-0.095943
16.96,16.96,3.1079,1.5615,-8.1161,-0.07232,-0.97325,-0.10034
16.98,16.98,2.9213,1.5859,-8.1719,-0.066194,-0.97248,-0.10474
17,17,2.7336,1.6092,-8.2242,-0.060176,-0.97168,-0.10916
17.02,17.02,2.5447,1.6314,-8.2728,-0.054271,-0.97087,-0.11359
17.04,17.04,2.3549,1.6523,-8.3178,-0.048486,-0.97005,-0.11801
17.06,17.06,2.1642,1.672,-8.3591,-0.042823,-0.96922,-0.12243
17.08,17.08,1.9726,1.6904,-8.3968,-0.037288,-0.96838,-0.12684
17.1,17.1,1.7803,1.7076,-8.4308,-0.031885,-0.96754,-0.13123
17.12,17.12,1.5873,1.7234,-8.4611,-0.026617,-0.96669,-0.13559
17.14,17.14,1.3937,1.7379,-8.4878,-0.021489,-0.96584,-0.13992
17.16,17.16,1.1996,1.751,-8.5107,-0.016504,-0.96499,-0.14422
17.18,17.18,1.005,1.7627,-8.53,-0.011664,-0.96414,-0.14848
17.2,17.2,0.81002,1.773,-8.5456,-0.0069737,-0.9633,-0.15269
17.22,17.22,0.61474,1.7819,-8.5575,-0.0024349,-0.96246,-0.15684
17.24,17.24,0.41924,1.7893,-8.5657,0.0019497,-0.96163,-0.16093
17.26,17.26,0.22358,1.7953,-8.5702,0.0061779,-0.96082,-0.16496
17.28,17.28,0.027861,1.7998,-8.571,0.010248,-0.96002,-0.16891
17.3,17.3,-0.16786,1.8029,-8.5682,0.014158,-0.95923,-0.17279
17.32,17.32,-0.3635,1.8045,-8.5616,0.017906,-0.95846,-0.17658
17.34,17.34,-0.55897,1.8046,-8.5514,0.021491,-0.95772,-0.18028
17.36,17.36,-0.75422,1.8033,-8.5375,0.024913,-0.95699,-0.18388
17.38,17.38,-0.94915,1.8005,-8.5199,0.028171,-0.95629,-0.18738
17.4,17.4,-1.1437,1.7962,-8.4987,0.031263,-0.95562,-0.19077
17.42,17.42,-1.3378,1.7904,-8.4738,0.034191,-0.95498,-0.19405
17.44,17.44,-1.5313,1.7832,-8.4452,0.036954,-0.95436,-0.1972
17.46,17.46,-1.7242,1.7746,-8.413,0.039552,-0.95378,-0.20023
17.48,17.48,-1.9165,1.7646,-8.3772,0.041986,-0.95323,-0.20313
17.5,17.5,-2.1079,1.7531,-8.3377,0.044257,-0.95272,-0.2059
17.52,17.52,-2.2985,1.7402,-8.2946,0.046366,-0.95225,-0.20852
17.54,17.54,-2.4882,1.726,-8.2479,0.048314,-0.95181,-0.21099
17.56,17.56,-2.6769,1.7105,-8.1977,0.050103,-0.95141,-0.21331
17.58,17.58,-2.8645,1.6936,-8.1438,0.051734,-0.95106,-0.21547
17.6,17.6,-3.051,1.6754,-8.0864,0.05321,-0.95075,-0.21747
17.62,17.62,-3.2363,1.656,-8.0255,0.054532,-0.95048,-0.21931
17.64,17.64,-3.4202,1.6353,-7.961,0.055704,-0.95025,-0.22097
17.66,17.66,-3.6028,1.6135,-7.893,0.056727,-0.95007,-0.22246
17.68,17.68,-3.784,1.5905,-7.8215,0.057605,-0.94993,-0.22377
17.7,17.7,-3.9637,1.5663,-7.7466,0.05834,-0.94984,-0.22489
17.72,17.72,-4.1417,1.5411,-7.6682,0.058936,-0.9498,-0.22583
17.74,17.74,-4.3182,1.5149,-7.5864,0.059396,-0.9498,-0.22658
17.76,17.76,-4.4929,1.4876,-7.5012,0.059724,-0.94985,-0.22713
17.78,17.78,-4.6658,1.4594,-7.4126,0.059924,-0.94995,-0.22749
17.8,17.8,-4.8368,1.4303,-7.3206,0.059999,-0.95009,-0.22764
17.82,17.82,-5.0059,1.4004,-7.2253,0.059954,-0.95028,-0.22759
17.84,17.84,-5.173,1.3696,-7.1267,0.059792,-0.95051,-0.22734
17.86,17.86,-5.3381,1.3381,-7.0249,0.059519,-0.95079,-0.22688
17.88,17.88,-5.501,1.3059,-6.9198,0.059138,-0.95111,-0.22621
17.9,17.9,-5.6617,1.273,-6.8115,0.058654,-0.95148,-0.22533
17.92,17.92,-5.8201,1.2395,-6.7,0.058072,-0.95188,-0.22423
17.94,17.94,-5.9762,1.2055,-6.5854,0.057396,-0.95233,-0.22292
17.96,17.96,-6.1299,1.171,-6.4677,0.056633,-0.95282,-0.22139
17.98,17.98,-6.2812,1.1361,-6.3469,0.055785,-0.95334,-0.21965
18,18,-6.4299,1.1008,-6.2231,0.05486,-0.9539,-0.21769
18.02,18.02,-6.5761,1.0652,-6.0963,0.053861,-0.9545,-0.21552
18.04,18.04,-6.7196,1.0294,-5.9666,0.052794,-0.95512,-0.21313
18.06,18.06,-6.8604,0.99333,-5.8339,0.051664,-0.95578,-0.21052
18.08,18.08,-6.9985,0.95718,-5.6984,0.050476,-0.95647,-0.2077
18.1,18.1,-7.1338,0.92096,-5.5602,0.049236,-0.95718,-0.20466
18.12,18.12,-7.2662,0.88473,-5.4191,0.047949,-0.95792,-0.20141
18.14,18.14,-7.3956,0.84857,-5.2754,0.04662,-0.95868,-0.19794
18.16,18.16,-7.5221,0.81252,-5.1289,0.045254,-0.95946,-0.19427
18.18,18.18,-7.6456,0.77666,-4.9799,0.043858,-0.96026,-0.19039
18.2,18.2,-7.766,0.74103,-4.8284,0.042435,-0.96107,-0.1863
18.22,18.22,-7.8833,0.70571,-4.6743,0.040992,-0.96189,-0.18201
18.24,18.24,-7.9974,0.67076,-4.5178,0.039532,-0.96273,-0.17752
18.26,18.26,-8.1083,0.63622,-4.3589,0.038063,-0.96357,-0.17283
18.28,18.28,-8.2159,0.60217,-4.1977,0.036588,-0.96441,-0.16794
18.3,18.3,-8.3203,0.56867,-4.0343,0.035113,-0.96526,-0.16287
18.32,18.32,-8.4212,0.53576,-3.8687,0.033642,-0.96611,-0.15761
18.34,18.34,-8.5188,0.50351,-3.7009,0.03218,-0.96695,-0.15216
18.36,18.36,-8.6129,0.47198,-3.5311,0.030732,-0.96779,-0.14654
18.38,18.38,-8.7036,0.44121,-3.3593,0.029303,-0.96861,-0.14075
18.4,18.4,-8.7908,0.41127,-3.1856,0.027897,-0.96943,-0.13479
18.42,18.42,-8.8744,0.38221,-3.01,0.026519,-0.97023,-0.12866
18.44,18.44,-8.9545,0.35407,-2.8327,0.025173,-0.97102,-0.12238
18.46,18.46,-9.0309,0.32691,-2.6536,0.023862,-0.97178,-0.11594
18.48,18.48,-9.1037,0.30078,-2.4729,0.022591,-0.97253,-0.10936
18.5,18.5,-9.1728,0.27572,-2.2907,0.021364,-0.97325,-0.10265
18.52,18.52,-9.2383,0.25178,-2.107,0.020184,-0.97395,-0.095793
18.54,18.54,-9.3,0.22901,-1.9219,0.019054,-0.97461,-0.088813
18.56,18.56,-9.358,0.20743,-1.7355,0.017979,-0.97525,-0.081713
18.58,18.58,-9.4122,0.1871,-1.5478,0.016961,-0.97585,-0.0745
18.6,18.6,-9.4626,0.16805,-1.359,0.016004,-0.97642,-0.067181
18.62,18.62,-9.5092,0.15032,-1.1691,0.015109,-0.97695,-0.059763
18.64,18.64,-9.5519,0.13394,-0.97827,0.01428,-0.97744,-0.052253
18.66,18.66,-9.5909,0.11894,-0.78648,0.013518,-0.9779,-0.044659
18.68,18.68,-9.6259,0.10535,-0.59388,0.012827,-0.97831,-0.036989
18.7,18.7,-9.6571,0.093204,-0.40053,0.012208,-0.97868,-0.029249
18.72,18.72,-9.6844,0.082516,-0.20654,0.011662,-0.979,-0.02145
18.74,18.74,-9.7078,0.073314,-0.011972,0.011192,-0.97929,-0.013597
18.76,18.76,-9.7273,0.065616,0.18307,0.010798,-0.97952,-0.005699
18.78,18.78,-9.7429,0.05944,0.37851,0.010482,-0.97971,0.0022355
18.8,18.8,-9.7546,0.0548,0.57425,0.010245,-0.97985,0.010199
18.82,18.82,-9.7624,0.05171,0.7702,0.010087,-0.97995,0.018182
18.84,18.84,-9.7662,0.050179,0.96629,0.010009,-0.97999,0.026178
18.86,18.86,-9.7661,0.050214,1.1624,0.010011,-0.97999,0.034177
18.88,18.88,-9.7621,0.05182,1.3585,0.010093,-0.97994,0.042173
18.9,18.9,-9.7542,0.054999,1.5545,0.010254,-0.97985,0.050156
18.92,18.92,-9.7423,0.059751,1.7502,0.010495,-0.9797,0.058118
18.94,18.94,-9.7266,0.066073,1.9456,0.010814,-0.97951,0.066051
18.96,18.96,-9.7069,0.073959,2.1406,0.011211,-0.97927,0.073946
18.98,18.98,-9.6834,0.083402,2.3352,0.011685,-0.97899,0.081797
19,19,-9.6559,0.09439,2.5291,0.012234,-0.97866,0.089594
19.02,19.02,-9.6246,0.10691,2.7224,0.012856,-0.97829,0.097331
19.04,19.04,-9.5895,0.12095,2.915,0.013551,-0.97788,0.105
19.06,19.06,-9.5505,0.13648,3.1068,0.014315,-0.97742,0.11259
19.08,19.08,-9.5076,0.1535,3.2976,0.015147,-0.97693,0.12009
19.1,19.1,-9.461,0.17197,3.4874,0.016045,-0.97639,0.12751
19.12,19.12,-9.4106,0.19187,3.6762,0.017005,-0.97582,0.13482
19.14,19.14,-9.3564,0.21317,3.8638,0.018026,-0.97522,0.14203
19.16,19.16,-9.2984,0.23584,4.0502,0.019103,-0.97458,0.14913
19.18,19.18,-9.2367,0.25985,4.2352,0.020235,-0.97391,0.1561
19.2,19.2,-9.1714,0.28517,4.4188,0.021417,-0.97322,0.16295
19.22,19.22,-9.1023,0.31176,4.601,0.022646,-0.9725,0.16966
19.24,19.24,-9.0296,0.33957,4.7816,0.023919,-0.97175,0.17623
19.26,19.26,-8.9533,0.36858,4.9605,0.025232,-0.97098,0.18266
19.28,19.28,-8.8734,0.39873,5.1378,0.02658,-0.9702,0.18894
19.3,19.3,-8.79,0.42999,5.3133,0.027959,-0.96939,0.19505
19.32,19.32,-8.703,0.4623,5.4869,0.029366,-0.96858,0.20101
19.34,19.34,-8.6125,0.49562,5.6586,0.030796,-0.96775,0.20679
19.36,19.36,-8.5186,0.5299,5.8282,0.032245,-0.96691,0.21241
19.38,19.38,-8.4213,0.56509,5.9959,0.033707,-0.96607,0.21784
19.4,19.4,-8.3206,0.60113,6.1614,0.035178,-0.96522,0.2231
19.42,19.42,-8.2165,0.63798,6.3246,0.036654,-0.96438,0.22816
19.44,19.44,-8.1092,0.67556,6.4857,0.038128,-0.96353,0.23304
19.46,19.46,-7.9986,0.71384,6.6444,0.039598,-0.96269,0.23772
19.48,19.48,-7.8848,0.75275,6.8007,0.041056,-0.96186,0.2422
19.5,19.5,-7.7678,0.79223,6.9545,0.042499,-0.96103,0.24649
19.52,19.52,-7.6477,0.83223,7.1058,0.04392,-0.96022,0.25057
19.54,19.54,-7.5245,0.87267,7.2546,0.045316,-0.95942,0.25444
19.56,19.56,-7.3983,0.91351,7.4008,0.04668,-0.95864,0.2581
19.58,19.58,-7.2692,0.95468,7.5442,0.048007,-0.95789,0.26156
19.6,19.6,-7.1371,0.99611,7.685,0.049292,-0.95715,0.2648
19.62,19.62,-7.0021,1.0377,7.8229,0.05053,-0.95644,0.26783
19.64,19.64,-6.8643,1.0795,7.9581,0.051715,-0.95575,0.27064
19.66,19.66,-6.7237,1.1214,8.0903,0.052842,-0.95509,0.27324
19.68,19.68,-6.5805,1.1632,8.2196,0.053907,-0.95447,0.27562
19.7,19.7,-6.4345,1.2051,8.346,0.054902,-0.95388,0.27779
19.72,19.72,-6.286,1.2468,8.4693,0.055825,-0.95332,0.27973
19.74,19.74,-6.1349,1.2883,8.5896,0.056668,-0.95279,0.28147
19.76,19.76,-5.9814,1.3296,8.7067,0.057428,-0.95231,0.28298
19.78,19.78,-5.8254,1.3705,8.8208,0.0581,-0.95187,0.28428
19.8,19.8,-5.6671,1.4112,8.9316,0.058677,-0.95146,0.28537
19.82,19.82,-5.5064,1.4513,9.0393,0.059157,-0.9511,0.28624
19.84,19.84,-5.3436,1.491,9.1437,0.059533,-0.95078,0.2869
19.86,19.86,-5.1785,1.5302,9.2448,0.059802,-0.9505,0.28736
19.88,19.88,-5.0114,1.5687,9.3426,0.059958,-0.95027,0.2876
19.9,19.9,-4.8422,1.6066,9.437,0.059998,-0.95009,0.28764
19.92,19.92,-4.6711,1.6437,9.5281,0.059918,-0.94995,0.28748
19.94,19.94,-4.498,1.6801,9.6158,0.059713,-0.94985,0.28711
19.96,19.96,-4.3231,1.7156,9.7001,0.059379,-0.9498,0.28655
19.98,19.98,-4.1465,1.7502,9.7809,0.058912,-0.9498,0.2858
20,20,-3.9681,1.7838,9.8582,0.05831,-0.94985,0.28485
20.02,20.02,-3.7881,1.8165,9.9321,0.057569,-0.94994,0.28372
20.04,20.04,-3.6066,1.8481,10.002,0.056685,-0.95008,0.2824
20.06,20.06,-3.4236,1.8787,10.069,0.055655,-0.95026,0.2809
20.08,20.08,-3.2392,1.9081,10.132,0.054477,-0.95049,0.27923
20.1,20.1,-3.0535,1.9362,10.192,0.053148,-0.95076,0.27739
20.12,20.12,-2.8665,1.9632,10.248,0.051665,-0.95107,0.27538
20.14,20.14,-2.6783,1.9889,10.301,0.050027,-0.95143,0.27321
20.16,20.16,-2.4891,2.0133,10.349,0.048231,-0.95183,0.27088
20.18,20.18,-2.2988,2.0363,10.395,0.046276,-0.95227,0.2684
20.2,20.2,-2.1075,2.058,10.436,0.04416,-0.95274,0.26578
20.22,20.22,-1.9154,2.0782,10.474,0.041882,-0.95326,0.26301
20.24,20.24,-1.7225,2.097,10.508,0.03944,-0.95381,0.2601
20.26,20.26,-1.5289,2.1143,10.539,0.036835,-0.95439,0.25707
20.28,20.28,-1.3346,2.1301,10.566,0.034064,-0.95501,0.2539
20.3,20.3,-1.1397,2.1444,10.589,0.031129,-0.95565,0.25062
20.32,20.32,-0.94444,2.1571,10.609,0.028029,-0.95632,0.24723
20.34,20.34,-0.74872,2.1682,10.625,0.024765,-0.95703,0.24372
20.36,20.36,-0.55269,2.1778,10.637,0.021336,-0.95775,0.24011
20.38,20.38,-0.35642,2.1858,10.645,0.017743,-0.9585,0.23641
20.4,20.4,-0.15998,2.1921,10.65,0.013987,-0.95927,0.23262
20.42,20.42,0.036539,2.1969,10.651,0.01007,-0.96005,0.22874
20.44,20.44,0.23306,2.2,10.649,0.0059935,-0.96085,0.22478
20.46,20.46,0.4295,2.2015,10.642,0.0017583,-0.96167,0.22075
20.48,20.48,0.62578,2.2013,10.632,-0.0026332,-0.9625,0.21666
20.5,20.5,0.82182,2.1995,10.619,-0.0071788,-0.96333,0.2125
20.52,20.52,1.0175,2.1961,10.602,-0.011876,-0.96418,0.20829
20.54,20.54,1.2129,2.191,10.581,-0.016722,-0.96503,0.20403
20.56,20.56,1.4077,2.1843,10.556,-0.021714,-0.96588,0.19973
20.58,20.58,1.602,2.176,10.528,-0.026848,-0.96673,0.1954
20.6,20.6,1.7957,2.1661,10.496,-0.032122,-0.96758,0.19103
20.62,20.62,1.9886,2.1547,10.46,-0.037531,-0.96842,0.18664
20.64,20.64,2.1808,2.1416,10.421,-0.043072,-0.96926,0.18224
20.66,20.66,2.372,2.127,10.378,-0.04874,-0.97009,0.17782
20.68,20.68,2.5624,2.1109,10.332,-0.054531,-0.97091,0.17339
20.7,20.7,2.7517,2.0933,10.282,-0.060441,-0.97172,0.16897
20.72,20.72,2.9399,2.0742,10.229,-0.066463,-0.97251,0.16455
20.74,20.74,3.1269,2.0537,10.172,-0.072595,-0.97329,0.16014
20.76,20.76,3.3127,2.0318,10.111,-0.078829,-0.97405,0.15575
20.78,20.78,3.4972,2.0084,10.047,-0.085162,-0.97479,0.15138
20.8,20.8,3.6802,1.9838,9.9795,-0.091587,-0.97551,0.14704
20.82,20.82,3.8618,1.9578,9.9085,-0.098098,-0.97621,0.14273
20.84,20.84,4.0418,1.9306,9.834,-0.10469,-0.97688,0.13845
20.86,20.86,4.2202,1.9021,9.7561,-0.11135,-0.97753,0.13422
20.88,20.88,4.3969,1.8724,9.6748,-0.11809,-0.97816,0.13004
20.9,20.9,4.5719,1.8417,9.5901,-0.12488,-0.97875,0.12591
20.92,20.92,4.745,1.8098,9.502,-0.13173,-0.97932,0.12183
20.94,20.94,4.9162,1.7769,9.4107,-0.13863,-0.97986,0.11782
20.96,20.96,5.0855,1.7429,9.316,-0.14557,-0.98037,0.11387
20.98,20.98,5.2527,1.7081,9.2181,-0.15255,-0.98085,0.10999
21,21,5.4178,1.6723,9.1169,-0.15955,-0.9813,0.10618
21.02,21.02,5.5807,1.6357,9.0125,-0.16657,-0.98172,0.10245
21.04,21.04,5.7414,1.5984,8.905,-0.1736,-0.9821,0.098793
21.06,21.06,5.8999,1.5603,8.7943,-0.18064,-0.98246,0.095223
21.08,21.08,6.0559,1.5215,8.6805,-0.18768,-0.98278,0.091738
21.1,21.1,6.2096,1.4821,8.5636,-0.19471,-0.98307,0.088341
21.12,21.12,6.3607,1.4422,8.4437,-0.20172,-0.98333,0.085036
21.14,21.14,6.5094,1.4018,8.3208,-0.20871,-0.98356,0.081824
21.16,21.16,6.6554,1.361,8.1949,-0.21567,-0.98376,0.078707
21.18,21.18,6.7987,1.3198,8.0662,-0.22259,-0.98394,0.075689
21.2,21.2,6.9394,1.2783,7.9345,-0.22946,-0.98408,0.07277
21.22,21.22,7.0773,1.2366,7.8001,-0.23627,-0.98419,0.069951
21.24,21.24,7.2124,1.1946,7.6628,-0.24303,-0.98427,0.067235
21.26,21.26,7.3446,1.1526,7.5229,-0.24971,-0.98433,0.064622
21.28,21.28,7.4738,1.1105,7.3802,-0.25632,-0.98437,0.062112
21.3,21.3,7.6002,1.0684,7.2349,-0.26284,-0.98437,0.059708
21.32,21.32,7.7234,1.0264,7.087,-0.26927,-0.98436,0.057408
21.34,21.34,7.8436,0.98458,6.9366,-0.27561,-0.98432,0.055214
21.36,21.36,7.9607,0.94293,6.7837,-0.28183,-0.98426,0.053124
21.38,21.38,8.0746,0.90153,6.6284,-0.28795,-0.98418,0.05114
21.4,21.4,8.1853,0.86047,6.4707,-0.29394,-0.98409,0.049259
21.42,21.42,8.2928,0.81979,6.3108,-0.29981,-0.98398,0.047481
21.44,21.44,8.397,0.77956,6.1485,-0.30554,-0.98385,0.045806
21.46,21.46,8.4978,0.73985,5.9841,-0.31113,-0.98371,0.044232
21.48,21.48,8.5952,0.7007,5.8175,-0.31658,-0.98355,0.042757
21.5,21.5,8.6893,0.66219,5.6489,-0.32187,-0.98339,0.04138
21.52,21.52,8.7799,0.62435,5.4783,-0.327,-0.98322,0.040099
21.54,21.54,8.867,0.58727,5.3058,-0.33197,-0.98303,0.038912
21.56,21.56,8.9505,0.55098,5.1313,-0.33677,-0.98285,0.037817
21.58,21.58,9.0306,0.51554,4.9551,-0.34139,-0.98266,0.03681
21.6,21.6,9.107,0.48101,4.7772,-0.34582,-0.98246,0.03589
21.62,21.62,9.1798,0.44744,4.5976,-0.35007,-0.98227,0.035053
21.64,21.64,9.249,0.41487,4.4164,-0.35413,-0.98208,0.034297
21.66,21.66,9.3145,0.38336,4.2337,-0.35799,-0.98188,0.033617
21.68,21.68,9.3763,0.35295,4.0496,-0.36165,-0.98169,0.033011
21.7,21.7,9.4344,0.32369,3.8641,-0.3651,-0.98151,0.032475
21.72,21.72,9.4887,0.29562,3.6773,-0.36835,-0.98133,0.032006
21.74,21.74,9.5393,0.26877,3.4893,-0.37137,-0.98116,0.031598
21.76,21.76,9.5861,0.2432,3.3002,-0.37418,-0.98099,0.031249
21.78,21.78,9.629,0.21893,3.1101,-0.37677,-0.98084,0.030955
21.8,21.8,9.6682,0.19601,2.919,-0.37914,-0.9807,0.03071
21.82,21.82,9.7035,0.17446,2.727,-0.38128,-0.98056,0.030511
21.84,21.84,9.7349,0.15431,2.5342,-0.38319,-0.98044,0.030352
21.86,21.86,9.7625,0.1356,2.3406,-0.38486,-0.98034,0.03023
21.88,21.88,9.7862,0.11835,2.1465,-0.38631,-0.98024,0.03014
21.9,21.9,9.806,0.10257,1.9518,-0.38751,-0.98016,0.030078
21.92,21.92,9.8218,0.088307,1.7567,-0.38848,-0.9801,0.030037
21.94,21.94,9.8338,0.075562,1.5611,-0.38922,-0.98005,0.030014
21.96,21.96,9.8419,0.064356,1.3653,-0.38971,-0.98002,0.030003
21.98,21.98,9.846,0.054703,1.1693,-0.38996,-0.98,0.03
22,22,9.8463,0.046613,0.97319,-0.38998,-0.98,0.03
22.02,22.02,9.8426,0.040096,0.77704,-0.38975,-0.98002,0.029998
22.04,22.04,9.8349,0.035157,0.58095,-0.38928,-0.98005,0.029988
22.06,22.06,9.8234,0.0318,0.38502,-0.38858,-0.98009,0.029967
22.08,22.08,9.808,0.030026,0.18932,-0.38764,-0.98016,0.029928
22.1,22.1,9.7886,0.029833,-0.006048,-0.38646,-0.98023,0.029868
22.12,22.12,9.7653,0.031217,-0.201,-0.38504,-0.98032,0.029781
22.14,22.14,9.7381,0.034172,-0.39545,-0.38339,-0.98043,0.029663
22.16,22.16,9.7071,0.038687,-0.58931,-0.38151,-0.98055,0.02951
22.18,22.18,9.6722,0.044751,-0.78248,-0.3794,-0.98068,0.029315
22.2,22.2,9.6334,0.052349,-0.97489,-0.37706,-0.98082,0.029076
22.22,22.22,9.5907,0.061465,-1.1664,-0.37449,-0.98098,0.028787
22.24,22.24,9.5443,0.072079,-1.3571,-0.37171,-0.98114,0.028445
22.26,22.26,9.494,0.084169,-1.5466,-0.3687,-0.98131,0.028044
22.28,22.28,9.4399,0.09771,-1.7351,-0.36549,-0.98149,0.027582
22.3,22.3,9.3821,0.11268,-1.9224,-0.36206,-0.98167,0.027054
22.32,22.32,9.3205,0.12904,-2.1084,-0.35842,-0.98186,0.026456
22.34,22.34,9.2552,0.14677,-2.293,-0.35459,-0.98205,0.025785
22.36,22.36,9.1862,0.16583,-2.4762,-0.35055,-0.98225,0.025038
22.38,22.38,9.1135,0.18618,-2.6579,-0.34632,-0.98244,0.02421
22.4,22.4,9.0372,0.2078,-2.838,-0.34191,-0.98264,0.0233
22.42,22.42,8.9573,0.23063,-3.0164,-0.33731,-0.98283,0.022303
22.44,22.44,8.8738,0.25464,-3.193,-0.33253,-0.98301,0.021218
22.46,22.46,8.7867,0.27978,-3.3678,-0.32758,-0.9832,0.020042
22.48,22.48,8.6962,0.30601,-3.5406,-0.32247,-0.98337,0.018772
22.5,22.5,8.6022,0.33328,-3.7115,-0.31719,-0.98353,0.017406
22.52,22.52,8.5047,0.36155,-3.8803,-0.31176,-0.98369,0.015943
22.54,22.54,8.4039,0.39075,-4.047,-0.30619,-0.98383,0.01438
22.56,22.56,8.2997,0.42085,-4.2115,-0.30047,-0.98396,0.012716
22.58,22.58,8.1922,0.45178,-4.3737,-0.29462,-0.98408,0.010951
22.6,22.6,8.0814,0.4835,-4.5336,-0.28864,-0.98417,0.0090817
22.62,22.62,7.9674,0.51595,-4.6911,-0.28254,-0.98425,0.0071089
22.64,22.64,7.8502,0.54906,-4.8461,-0.27633,-0.98432,0.0050314
22.66,22.66,7.7299,0.5828,-4.9986,-0.27001,-0.98436,0.002849
22.68,22.68,7.6065,0.61708,-5.1486,-0.26358,-0.98437,0.0005615
22.7,22.7,7.4801,0.65186,-5.2958,-0.25707,-0.98437,-0.001831
22.72,22.72,7.3508,0.68708,-5.4404,-0.25047,-0.98434,-0.0043281
22.74,22.74,7.2185,0.72267,-5.5822,-0.2438,-0.98428,-0.0069293
22.76,22.76,7.0833,0.75858,-5.7212,-0.23705,-0.9842,-0.0096339
22.78,22.78,6.9453,0.79474,-5.8574,-0.23024,-0.98409,-0.012441
22.8,22.8,6.8046,0.83109,-5.9906,-0.22338,-0.98395,-0.015348
22.82,22.82,6.6612,0.86757,-6.1209,-0.21646,-0.98379,-0.018356
22.84,22.84,6.5151,0.90412,-6.2482,-0.20951,-0.98359,-0.021461
22.86,22.86,6.3665,0.94067,-6.3725,-0.20253,-0.98336,-0.024662
22.88,22.88,6.2153,0.97717,-6.4936,-0.19552,-0.9831,-0.027957
22.9,22.9,6.0617,1.0136,-6.6116,-0.18849,-0.98282,-0.031343
22.92,22.92,5.9056,1.0498,-6.7265,-0.18145,-0.9825,-0.034818
22.94,22.94,5.7473,1.0857,-6.8381,-0.17441,-0.98214,-0.038379
22.96,22.96,5.5867,1.1214,-6.9465,-0.16738,-0.98176,-0.042023
22.98,22.98,5.4238,1.1567,-7.0516,-0.16035,-0.98135,-0.045747
23,23,5.2589,1.1916,-7.1534,-0.15335,-0.9809,-0.049547
23.02,23.02,5.0918,1.226,-7.2519,-0.14637,-0.98043,-0.05342
23.04,23.04,4.9228,1.2599,-7.347,-0.13943,-0.97992,-0.057362
23.06,23.06,4.7518,1.2931,-7.4386,-0.13252,-0.97938,-0.061369
23.08,23.08,4.579,1.3258,-7.5269,-0.12567,-0.97882,-0.065438
23.1,23.1,4.4043,1.3577,-7.6117,-0.11887,-0.97823,-0.069563
23.12,23.12,4.228,1.3889,-7.693,-0.11212,-0.97761,-0.07374
23.14,23.14,4.05,1.4193,-7.7709,-0.10545,-0.97696,-0.077965
23.16,23.16,3.8704,1.4489,-7.8452,-0.098851,-0.97629,-0.082233
23.18,23.18,3.6893,1.4775,-7.9159,-0.09233,-0.97559,-0.086539
23.2,23.2,3.5067,1.5052,-7.9832,-0.085895,-0.97487,-0.090878
23.22,23.22,3.3228,1.5319,-8.0468,-0.079552,-0.97414,-0.095245
23.24,23.24,3.1376,1.5575,-8.1068,-0.073306,-0.97338,-0.099634
23.26,23.26,2.9511,1.5821,-8.1633,-0.067162,-0.9726,-0.10404
23.28,23.28,2.7635,1.6056,-8.2161,-0.061127,-0.97181,-0.10846
23.3,23.3,2.5749,1.6279,-8.2653,-0.055204,-0.971,-0.11288
23.32,23.32,2.3852,1.649,-8.3109,-0.049399,-0.97018,-0.11731
23.34,23.34,2.1946,1.6689,-8.3528,-0.043717,-0.96935,-0.12173
23.36,23.36,2.0032,1.6876,-8.391,-0.038161,-0.96852,-0.12614
23.38,23.38,1.811,1.7049,-8.4256,-0.032737,-0.96767,-0.13053
23.4,23.4,1.6181,1.7209,-8.4565,-0.027447,-0.96682,-0.1349
23.42,23.42,1.4246,1.7356,-8.4838,-0.022296,-0.96597,-0.13924
23.44,23.44,1.2305,1.749,-8.5073,-0.017288,-0.96512,-0.14354
23.46,23.46,1.036,1.7609,-8.5272,-0.012425,-0.96427,-0.1478
23.48,23.48,0.84109,1.7714,-8.5434,-0.0077106,-0.96343,-0.15202
23.5,23.5,0.64586,1.7806,-8.5558,-0.0031475,-0.96259,-0.15618
23.52,23.52,0.45038,1.7882,-8.5646,0.0012618,-0.96176,-0.16028
23.54,23.54,0.25475,1.7945,-8.5697,0.0055151,-0.96095,-0.16432
23.56,23.56,0.059034,1.7992,-8.5712,0.0096103,-0.96014,-0.16829
23.58,23.58,-0.13669,1.8025,-8.5689,0.013546,-0.95936,-0.17218
23.6,23.6,-0.33235,1.8044,-8.5629,0.01732,-0.95859,-0.17598
23.62,23.62,-0.52786,1.8047,-8.5533,0.020931,-0.95784,-0.17969
23.64,23.64,-0.72314,1.8036,-8.54,0.024379,-0.95711,-0.18331
23.66,23.66,-0.91813,1.801,-8.523,0.027663,-0.9564,-0.18683
23.68,23.68,-1.1127,1.797,-8.5023,0.030782,-0.95573,-0.19024
23.7,23.7,-1.3069,1.7914,-8.478,0.033736,-0.95508,-0.19353
23.72,23.72,-1.5005,1.7845,-8.45,0.036525,-0.95446,-0.19671
23.74,23.74,-1.6935,1.7761,-8.4184,0.039149,-0.95387,-0.19976
23.76,23.76,-1.8859,1.7662,-8.3831,0.041609,-0.95332,-0.20268
23.78,23.78,-2.0775,1.755,-8.3442,0.043906,-0.9528,-0.20546
23.8,23.8,-2.2682,1.7424,-8.3017,0.046041,-0.95232,-0.20811
23.82,23.82,-2.4581,1.7284,-8.2556,0.048015,-0.95188,-0.2106
23.84,23.84,-2.6469,1.713,-8.2059,0.049829,-0.95147,-0.21295
23.86,23.86,-2.8347,1.6964,-8.1526,0.051485,-0.95111,-0.21514
23.88,23.88,-3.0214,1.6784,-8.0958,0.052985,-0.95079,-0.21717
23.9,23.9,-3.2069,1.6592,-8.0354,0.054332,-0.95052,-0.21903
23.92,23.92,-3.391,1.6387,-7.9715,0.055527,-0.95028,-0.22072
23.94,23.94,-3.5739,1.617,-7.9041,0.056574,-0.95009,-0.22224
23.96,23.96,-3.7553,1.5942,-7.8332,0.057474,-0.94995,-0.22357
23.98,23.98,-3.9352,1.5703,-7.7588,0.058232,-0.94986,-0.22473
24,24,-4.1135,1.5452,-7.6809,0.05885,-0.9498,-0.2257
24.02,24.02,-4.2902,1.5191,-7.5996,0.059332,-0.9498,-0.22647
24.04,24.04,-4.4652,1.492,-7.515,0.059681,-0.94984,-0.22706
24.06,24.06,-4.6384,1.464,-7.4269,0.059901,-0.94993,-0.22744
24.08,24.08,-4.8097,1.435,-7.3355,0.059995,-0.95007,-0.22763
24.1,24.1,-4.9791,1.4052,-7.2407,0.059969,-0.95025,-0.22762
24.12,24.12,-5.1465,1.3746,-7.1426,0.059826,-0.95047,-0.22739
24.14,24.14,-5.3119,1.3431,-7.0413,0.059569,-0.95074,-0.22697
24.16,24.16,-5.4752,1.311,-6.9367,0.059205,-0.95106,-0.22633
24.18,24.18,-5.6362,1.2783,-6.8289,0.058738,-0.95142,-0.22548
24.2,24.2,-5.795,1.2449,-6.718,0.058171,-0.95182,-0.22442
24.22,24.22,-5.9515,1.2109,-6.6038,0.05751,-0.95226,-0.22314
24.24,24.24,-6.1056,1.1765,-6.4866,0.05676,-0.95274,-0.22165
24.26,24.26,-6.2572,1.1417,-6.3663,0.055926,-0.95326,-0.21994
24.28,24.28,-6.4064,1.1064,-6.243,0.055012,-0.95381,-0.21802
24.3,24.3,-6.553,1.0709,-6.1167,0.054025,-0.9544,-0.21588
24.32,24.32,-6.6969,1.0351,-5.9874,0.052968,-0.95502,-0.21352
24.34,24.34,-6.8382,0.99908,-5.8552,0.051848,-0.95567,-0.21095
24.36,24.36,-6.9767,0.96294,-5.7202,0.050669,-0.95636,-0.20816
24.38,24.38,-7.1124,0.92673,-5.5824,0.049437,-0.95707,-0.20516
24.4,24.4,-7.2453,0.8905,-5.4418,0.048157,-0.9578,-0.20194
24.42,24.42,-7.3752,0.85432,-5.2984,0.046834,-0.95856,-0.19851
24.44,24.44,-7.5022,0.81825,-5.1524,0.045474,-0.95933,-0.19487
24.46,24.46,-7.6262,0.78235,-5.0038,0.044082,-0.96013,-0.19102
24.48,24.48,-7.7471,0.74669,-4.8527,0.042663,-0.96094,-0.18696
24.5,24.5,-7.8648,0.71131,-4.699,0.041223,-0.96176,-0.1827
24.52,24.52,-7.9795,0.6763,-4.5429,0.039766,-0.96259,-0.17824
24.54,24.54,-8.0909,0.64169,-4.3844,0.038297,-0.96343,-0.17359
24.56,24.56,-8.199,0.60756,-4.2236,0.036823,-0.96428,-0.16873
24.58,24.58,-8.3039,0.57396,-4.0605,0.035347,-0.96513,-0.16369
24.6,24.6,-8.4054,0.54096,-3.8952,0.033875,-0.96597,-0.15846
24.62,24.62,-8.5035,0.5086,-3.7278,0.032412,-0.96682,-0.15304
24.64,24.64,-8.5982,0.47695,-3.5583,0.030962,-0.96765,-0.14745
24.66,24.66,-8.6894,0.44606,-3.3868,0.02953,-0.96848,-0.14168
24.68,24.68,-8.7771,0.41598,-3.2134,0.02812,-0.9693,-0.13575
24.7,24.7,-8.8613,0.38678,-3.0381,0.026737,-0.97011,-0.12965
24.72,24.72,-8.942,0.35849,-2.861,0.025385,-0.97089,-0.12339
24.74,24.74,-9.019,0.33117,-2.6823,0.024068,-0.97166,-0.11698
24.76,24.76,-9.0924,0.30487,-2.5018,0.02279,-0.97241,-0.11042
24.78,24.78,-9.1621,0.27964,-2.3198,0.021556,-0.97314,-0.10372
24.8,24.8,-9.2281,0.25552,-2.1364,0.020368,-0.97384,-0.096893
24.82,24.82,-9.2904,0.23255,-1.9515,0.019231,-0.97451,-0.089933
24.84,24.84,-9.349,0.21079,-1.7653,0.018147,-0.97515,-0.082852
24.86,24.86,-9.4038,0.19025,-1.5778,0.01712,-0.97576,-0.075656
24.88,24.88,-9.4548,0.171,-1.3892,0.016152,-0.97633,-0.068353
24.9,24.9,-9.502,0.15306,-1.1995,0.015247,-0.97687,-0.06095
24.92,24.92,-9.5454,0.13646,-1.0087,0.014407,-0.97737,-0.053455
24.94,24.94,-9.5849,0.12124,-0.81709,0.013635,-0.97783,-0.045874
24.96,24.96,-9.6206,0.10742,-0.6246,0.012932,-0.97825,-0.038215
24.98,24.98,-9.6524,0.095041,-0.43137,0.012301,-0.97862,-0.030486
25,25,-9.6803,0.08412,-0.23747,0.011744,-0.97896,-0.022696
25.02,25.02,-9.7044,0.074679,-0.042994,0.011262,-0.97924,-0.014851
25.04,25.04,-9.7245,0.06674,0.15198,0.010856,-0.97949,-0.0069595
25.06,25.06,-9.7407,0.060321,0.34736,0.010527,-0.97968,0.00096964
25.08,25.08,-9.753,0.055436,0.54305,0.010278,-0.97983,0.0089287
25.1,25.1,-9.7614,0.052098,0.73898,0.010107,-0.97994,0.01691
25.12,25.12,-9.7659,0.050318,0.93506,0.010016,-0.97999,0.024904
